provider_search_term,provider_category,recipient_name,committee_id,committee_name,party,committee_type,candidate,total_amount,transaction_count
WINRED,Fundraising Platform (R-aligned),WINRED,C00694323,TRUMP SAVE AMERICA JOINT FUNDRAISING COMMITTEE / TRUMP MAKE AMERICA GREAT AGAIN COMMITTEE,REP,Joint Fundraising,"TRUMP, DONALD J",42127379.33,1052
ACTBLUE,Fundraising Platform (D-aligned),ACTBLUE TECHNICAL SERVICES,C00703975,DNC SERVICES CORP./DEM. NAT'L COMMITTEE,DEM,National Party,,27881910.04,366
WINRED,Fundraising Platform (R-aligned),WINRED,C00694323,TRUMP SAVE AMERICA JOINT FUNDRAISING COMMITTEE / TRUMP MAKE AMERICA GREAT AGAIN COMMITTEE,REP,Joint Fundraising,"TRUMP, DONALD J",24003810.18,537
WINRED,Fundraising Platform (R-aligned),WINRED,C00694323,TRUMP SAVE AMERICA JOINT FUNDRAISING COMMITTEE / TRUMP MAKE AMERICA GREAT AGAIN COMMITTEE,REP,Joint Fundraising,"TRUMP, DONALD J",23990429.08,513
ACTBLUE,Fundraising Platform (D-aligned),ACTBLUE TECHNICAL SERVICES,C00703975,DNC SERVICES CORP./DEM. NAT'L COMMITTEE,DEM,National Party,,20279505.37,125
WINRED,Fundraising Platform (R-aligned),WINRED,C00694323,TRUMP SAVE AMERICA JOINT FUNDRAISING COMMITTEE / TRUMP MAKE AMERICA GREAT AGAIN COMMITTEE,REP,Joint Fundraising,"TRUMP, DONALD J",18979968.3,502
ACTBLUE,Fundraising Platform (D-aligned),ACTBLUE TECHNICAL SERVICES,C00744946,HARRIS VICTORY FUND,DEM,Joint Fundraising,"HARRIS, KAMALA",18613648.8,134
WINRED,Fundraising Platform (R-aligned),WINRED TECHNICAL SERVICES LLC,C00694323,TRUMP SAVE AMERICA JOINT FUNDRAISING COMMITTEE / TRUMP MAKE AMERICA GREAT AGAIN COMMITTEE,REP,Joint Fundraising,"TRUMP, DONALD J",13006655.83,321
ACTBLUE,Fundraising Platform (D-aligned),ACTBLUE INC.,C00401224,BIDEN FOR PRESIDENT,DEM,Presidential,"BIDEN, JOSEPH R JR",12870000.0,1
WINRED,Fundraising Platform (R-aligned),WINRED,C00694323,TRUMP SAVE AMERICA JOINT FUNDRAISING COMMITTEE / TRUMP MAKE AMERICA GREAT AGAIN COMMITTEE,REP,Joint Fundraising,"TRUMP, DONALD J",12771279.81,456
WINRED,Fundraising Platform (R-aligned),WINRED,C00694323,TRUMP SAVE AMERICA JOINT FUNDRAISING COMMITTEE / TRUMP MAKE AMERICA GREAT AGAIN COMMITTEE,REP,Joint Fundraising,"TRUMP, DONALD J",12399102.46,405
NGP VAN,CRM / Voter File / Fundraising (D-aligned),NGP VAN INC.,C00703975,DNC SERVICES CORP./DEM. NAT'L COMMITTEE,DEM,National Party,,11574987.22,217
WINRED,Fundraising Platform (R-aligned),WINRED,C00694323,TRUMP SAVE AMERICA JOINT FUNDRAISING COMMITTEE / TRUMP MAKE AMERICA GREAT AGAIN COMMITTEE,REP,Joint Fundraising,"TRUMP, DONALD J",10488027.71,353
ACTBLUE,Fundraising Platform (D-aligned),ACTBLUE CIVICS,C00401224,BIDEN FOR PRESIDENT,DEM,Presidential,"BIDEN, JOSEPH R JR",10000000.0,1
WINRED,Fundraising Platform (R-aligned),WINRED,C00694323,TRUMP SAVE AMERICA JOINT FUNDRAISING COMMITTEE / TRUMP MAKE AMERICA GREAT AGAIN COMMITTEE,REP,Joint Fundraising,"TRUMP, DONALD J",8694261.81,303
NGP VAN,CRM / Voter File / Fundraising (D-aligned),NGP VAN INC.,C00703975,DNC SERVICES CORP./DEM. NAT'L COMMITTEE,DEM,National Party,,7867651.49,99
NGP VAN,CRM / Voter File / Fundraising (D-aligned),NGP VAN,C00703975,DNC SERVICES CORP./DEM. NAT'L COMMITTEE,DEM,National Party,,7797400.82,192
ACTBLUE,Fundraising Platform (D-aligned),ACTBLUE,C00696948,HARRIS FOR PRESIDENT,DEM,Presidential,"HARRIS, KAMALA",7300821.3,302
WINRED,Fundraising Platform (R-aligned),WINRED,C00694323,TRUMP SAVE AMERICA JOINT FUNDRAISING COMMITTEE / TRUMP MAKE AMERICA GREAT AGAIN COMMITTEE,REP,Joint Fundraising,"TRUMP, DONALD J",6866866.84,225
NGP VAN,CRM / Voter File / Fundraising (D-aligned),NGP VAN INC.,C00703975,DNC SERVICES CORP./DEM. NAT'L COMMITTEE,DEM,National Party,,6625936.78,132
ACTBLUE,Fundraising Platform (D-aligned),ACTBLUE TECHNICAL SERVICES,C00736876,DSCC,DEM,Senatorial Committee,,6382106.02,184
WINRED,Fundraising Platform (R-aligned),WINRED,C00694323,TRUMP SAVE AMERICA JOINT FUNDRAISING COMMITTEE / TRUMP MAKE AMERICA GREAT AGAIN COMMITTEE,REP,Joint Fundraising,"TRUMP, DONALD J",5968756.09,238
WINRED,Fundraising Platform (R-aligned),WINRED,C00694323,TRUMP SAVE AMERICA JOINT FUNDRAISING COMMITTEE / TRUMP MAKE AMERICA GREAT AGAIN COMMITTEE,REP,Joint Fundraising,"TRUMP, DONALD J",5702556.58,210
NGP VAN,CRM / Voter File / Fundraising (D-aligned),NGP VAN INC.,C00703975,DNC SERVICES CORP./DEM. NAT'L COMMITTEE,DEM,National Party,,5625929.26,110
WINRED,Fundraising Platform (R-aligned),WINRED,C00820118,SAVE AMERICA,REP,Leadership PAC,"TRUMP, DONALD J",5534291.56,8
ACTBLUE,Fundraising Platform (D-aligned),ACTBLUE TECHNICAL SERVICES,C00042366,DNC SERVICES CORPORATION,DEM,National Party,,5493391.29,314
ACTBLUE,Fundraising Platform (D-aligned),ACTBLUE TECHNICAL SERVICES,C00010603,DCCC,DEM,Congressional Committee,,5472001.2,948
ACTBLUE,Fundraising Platform (D-aligned),ACTBLUE TECHNICAL SERVICES,C00718866,BIDEN VICTORY FUND,DEM,Joint Fundraising,"BIDEN, JOSEPH R JR",5295355.45,188
WINRED,Fundraising Platform (R-aligned),WINRED,C00694323,TRUMP SAVE AMERICA JOINT FUNDRAISING COMMITTEE / TRUMP MAKE AMERICA GREAT AGAIN COMMITTEE,REP,Joint Fundraising,"TRUMP, DONALD J",4937458.87,172
ACTBLUE,Fundraising Platform (D-aligned),ACTBLUE TECHNICAL SERVICES,C00000935,DNC,DEM,National Party,,4936368.33,1170
WINRED,Fundraising Platform (R-aligned),WINRED,C00694323,TRUMP SAVE AMERICA JOINT FUNDRAISING COMMITTEE / TRUMP MAKE AMERICA GREAT AGAIN COMMITTEE,REP,Joint Fundraising,"TRUMP, DONALD J",4780862.08,153
ACTBLUE,Fundraising Platform (D-aligned),ACTBLUE TECHNICAL SERVICES,C00744946,HARRIS VICTORY FUND,DEM,Joint Fundraising,"HARRIS, KAMALA",4735105.01,95
NGP VAN,CRM / Voter File / Fundraising (D-aligned),NGP VAN INC.,C00703975,DNC SERVICES CORP./DEM. NAT'L COMMITTEE,DEM,National Party,,4694126.03,80
ACTBLUE,Fundraising Platform (D-aligned),ACTBLUE TECHNICAL SERVICES,C00696153,DEMOCRATIC GRASSROOTS ONLINE,DEM,Joint Fundraising,,4683368.93,137
ACTBLUE,Fundraising Platform (D-aligned),ACTBLUE TECHNICAL SERVICES,C00000935,DNC,DEM,National Party,,4647839.72,832
WINRED,Fundraising Platform (R-aligned),WINRED,C00694323,TRUMP SAVE AMERICA JOINT FUNDRAISING COMMITTEE / TRUMP MAKE AMERICA GREAT AGAIN COMMITTEE,REP,Joint Fundraising,"TRUMP, DONALD J",4585655.54,151
ACTBLUE,Fundraising Platform (D-aligned),ACTBLUE TECHNICAL SERVICES,C00000935,DNC,DEM,National Party,,4543101.45,564
ACTBLUE,Fundraising Platform (D-aligned),ACTBLUE TECHNICAL SERVICES,C00703975,DNC SERVICES CORP./DEM. NAT'L COMMITTEE,DEM,National Party,,4376866.28,123
NGP VAN,CRM / Voter File / Fundraising (D-aligned),NGP VAN INC.,C00703975,DNC SERVICES CORP./DEM. NAT'L COMMITTEE,DEM,National Party,,4363816.79,84
WINRED,Fundraising Platform (R-aligned),WINRED,C00694323,TRUMP SAVE AMERICA JOINT FUNDRAISING COMMITTEE / TRUMP MAKE AMERICA GREAT AGAIN COMMITTEE,REP,Joint Fundraising,"TRUMP, DONALD J",4291965.25,163
EVERYACTION,CRM / Fundraising Platform (D-aligned),EVERYACTION,C00703975,DNC SERVICES CORP./DEM. NAT'L COMMITTEE,DEM,National Party,,4263547.44,47
WINRED,Fundraising Platform (R-aligned),WINRED,C00694323,TRUMP SAVE AMERICA JOINT FUNDRAISING COMMITTEE / TRUMP MAKE AMERICA GREAT AGAIN COMMITTEE,REP,Joint Fundraising,"TRUMP, DONALD J",3876429.22,161
ACTBLUE,Fundraising Platform (D-aligned),ACTBLUE TECHNICAL SERVICES,C00696948,HARRIS FOR PRESIDENT,DEM,Presidential,"HARRIS, KAMALA",3826506.42,161
ACTBLUE,Fundraising Platform (D-aligned),ACTBLUE TECHNICAL SERVICES,C00835199,HARRIS ACTION FUND,DEM,Joint Fundraising,"HARRIS, KAMALA",3785700.41,268
WINRED,Fundraising Platform (R-aligned),WINRED,C00694323,TRUMP SAVE AMERICA JOINT FUNDRAISING COMMITTEE / TRUMP MAKE AMERICA GREAT AGAIN COMMITTEE,REP,Joint Fundraising,"TRUMP, DONALD J",3725766.6,122
NGP VAN,CRM / Voter File / Fundraising (D-aligned),NGP VAN INC.,C00703975,DNC SERVICES CORP./DEM. NAT'L COMMITTEE,DEM,National Party,,3717802.67,60
ACTBLUE,Fundraising Platform (D-aligned),ACTBLUE TECHNICAL SERVICES,C00401224,BIDEN FOR PRESIDENT,DEM,Presidential,"BIDEN, JOSEPH R JR",3688076.32,7
ANEDOT,Fundraising Platform (R-leaning),ANEDOT,C00820118,SAVE AMERICA,REP,Leadership PAC,"TRUMP, DONALD J",3668755.66,166
WINRED,Fundraising Platform (R-aligned),WINRED,C00694323,TRUMP SAVE AMERICA JOINT FUNDRAISING COMMITTEE / TRUMP MAKE AMERICA GREAT AGAIN COMMITTEE,REP,Joint Fundraising,"TRUMP, DONALD J",3609651.59,112
WINRED,Fundraising Platform (R-aligned),WINRED,C00694323,TRUMP SAVE AMERICA JOINT FUNDRAISING COMMITTEE / TRUMP MAKE AMERICA GREAT AGAIN COMMITTEE,REP,Joint Fundraising,"TRUMP, DONALD J",3497843.64,125
ACTBLUE,Fundraising Platform (D-aligned),ACTBLUE TECHNICAL SERVICES,C00835199,HARRIS ACTION FUND,DEM,Joint Fundraising,"HARRIS, KAMALA",3452637.04,233
ACTBLUE,Fundraising Platform (D-aligned),ACTBLUE TECHNICAL SERVICES,C00718866,BIDEN VICTORY FUND,DEM,Joint Fundraising,"BIDEN, JOSEPH R JR",3448741.24,156
ACTBLUE,Fundraising Platform (D-aligned),ACTBLUE TECHNICAL SERVICES,C00696153,DEMOCRATIC GRASSROOTS ONLINE,DEM,Joint Fundraising,,3436279.55,115
WINRED,Fundraising Platform (R-aligned),WINRED,C00865667,TRUMP 47 COMMITTEE,REP,Joint Fundraising,"TRUMP, DONALD J",3413629.36,3
EVERYACTION,CRM / Fundraising Platform (D-aligned),EVERYACTION INC.,C00401224,BIDEN FOR PRESIDENT,DEM,Presidential,"BIDEN, JOSEPH R JR",3252000.0,3
ACTBLUE,Fundraising Platform (D-aligned),ACTBLUE TECHNICAL SERVICES,C00835199,HARRIS ACTION FUND,DEM,Joint Fundraising,"HARRIS, KAMALA",3226696.26,118
ACTBLUE,Fundraising Platform (D-aligned),ACTBLUE TECHNICAL SERVICES,C00744946,HARRIS VICTORY FUND,DEM,Joint Fundraising,"HARRIS, KAMALA",3187032.9,60
ACTBLUE,Fundraising Platform (D-aligned),ACTBLUE TECHNICAL SERVICES,C00696948,HARRIS FOR PRESIDENT,DEM,Presidential,"HARRIS, KAMALA",3136735.99,153
ACTBLUE,Fundraising Platform (D-aligned),ACTBLUE TECHNICAL SERVICES,C00776997,DEMOCRATIC UNITY FUND,DEM,Joint Fundraising,,3041363.94,183
ACTBLUE,Fundraising Platform (D-aligned),ACTBLUE TECHNICAL SERVICES,C00736876,DSCC,DEM,Senatorial Committee,,2981279.58,153
WINRED,Fundraising Platform (R-aligned),WINRED,C00694323,TRUMP SAVE AMERICA JOINT FUNDRAISING COMMITTEE / TRUMP MAKE AMERICA GREAT AGAIN COMMITTEE,REP,Joint Fundraising,"TRUMP, DONALD J",2931389.15,125
NGP VAN,CRM / Voter File / Fundraising (D-aligned),NGP VAN INC.,C00703975,DNC SERVICES CORP./DEM. NAT'L COMMITTEE,DEM,National Party,,2867783.59,54
ACTBLUE,Fundraising Platform (D-aligned),ACTBLUE TECHNICAL SERVICES,C00776997,DEMOCRATIC UNITY FUND,DEM,Joint Fundraising,,2804792.64,169
WINRED,Fundraising Platform (R-aligned),WINRED,C00694323,TRUMP SAVE AMERICA JOINT FUNDRAISING COMMITTEE / TRUMP MAKE AMERICA GREAT AGAIN COMMITTEE,REP,Joint Fundraising,"TRUMP, DONALD J",2794534.66,81
ACTBLUE,Fundraising Platform (D-aligned),ACTBLUE TECHNICAL SERVICES,C00696153,DEMOCRATIC GRASSROOTS ONLINE,DEM,Joint Fundraising,,2782073.55,81
EVERYACTION,CRM / Fundraising Platform (D-aligned),EVERYACTION,C00703975,DNC SERVICES CORP./DEM. NAT'L COMMITTEE,DEM,National Party,,2776099.51,29
NGP VAN,CRM / Voter File / Fundraising (D-aligned),NGP VAN INC.,C00703975,DNC SERVICES CORP./DEM. NAT'L COMMITTEE,DEM,National Party,,2715379.66,42
WINRED,Fundraising Platform (R-aligned),WINRED TECHNICAL SERVICES LLC,C00820118,SAVE AMERICA,REP,Leadership PAC,"TRUMP, DONALD J",2694200.0,1
WINRED,Fundraising Platform (R-aligned),WINRED,C00694323,TRUMP SAVE AMERICA JOINT FUNDRAISING COMMITTEE / TRUMP MAKE AMERICA GREAT AGAIN COMMITTEE,REP,Joint Fundraising,"TRUMP, DONALD J",2690063.57,85
ANEDOT,Fundraising Platform (R-leaning),ANEDOT INC.,C00820118,SAVE AMERICA,REP,Leadership PAC,"TRUMP, DONALD J",2653803.16,139
ACTBLUE,Fundraising Platform (D-aligned),ACTBLUE TECHNICAL SERVICES,C00042366,DNC SERVICES CORPORATION,DEM,National Party,,2642393.18,297
ACTBLUE,Fundraising Platform (D-aligned),ACTBLUE TECHNICAL SERVICES,C00042366,DNC SERVICES CORPORATION,DEM,National Party,,2618756.28,299
ACTBLUE,Fundraising Platform (D-aligned),ACTBLUE TECHNICAL SERVICES,C00718866,BIDEN VICTORY FUND,DEM,Joint Fundraising,"BIDEN, JOSEPH R JR",2598849.23,139
ACTBLUE,Fundraising Platform (D-aligned),ACTBLUE TECHNICAL SERVICES,C00000935,DNC,DEM,National Party,,2598044.2,357
WINRED,Fundraising Platform (R-aligned),WINRED,C00694323,TRUMP SAVE AMERICA JOINT FUNDRAISING COMMITTEE / TRUMP MAKE AMERICA GREAT AGAIN COMMITTEE,REP,Joint Fundraising,"TRUMP, DONALD J",2560001.05,72
EVERYACTION,CRM / Fundraising Platform (D-aligned),EVERYACTION,C00703975,DNC SERVICES CORP./DEM. NAT'L COMMITTEE,DEM,National Party,,2474483.2,38
ACTBLUE,Fundraising Platform (D-aligned),ACTBLUE TECHNICAL SERVICES,C00736876,DSCC,DEM,Senatorial Committee,,2428614.9,157
ACTBLUE,Fundraising Platform (D-aligned),ACTBLUE TECHNICAL SERVICES,C00010603,DCCC,DEM,Congressional Committee,,2423135.83,412
NGP VAN,CRM / Voter File / Fundraising (D-aligned),NGP VAN INC.,C00703975,DNC SERVICES CORP./DEM. NAT'L COMMITTEE,DEM,National Party,,2418693.81,39
ACTBLUE,Fundraising Platform (D-aligned),ACTBLUE TECHNICAL SERVICES,C00835199,HARRIS ACTION FUND,DEM,Joint Fundraising,"HARRIS, KAMALA",2395997.07,213
WINRED,Fundraising Platform (R-aligned),WINRED,C00694323,TRUMP SAVE AMERICA JOINT FUNDRAISING COMMITTEE / TRUMP MAKE AMERICA GREAT AGAIN COMMITTEE,REP,Joint Fundraising,"TRUMP, DONALD J",2316696.56,94
EVERYACTION,CRM / Fundraising Platform (D-aligned),EVERYACTION,C00703975,DNC SERVICES CORP./DEM. NAT'L COMMITTEE,DEM,National Party,,2301375.23,21
ACTBLUE,Fundraising Platform (D-aligned),ACTBLUE TECHNICAL SERVICES,C00776997,DEMOCRATIC UNITY FUND,DEM,Joint Fundraising,,2227637.32,98
ACTBLUE,Fundraising Platform (D-aligned),ACTBLUE TECHNICAL SERVICES,C00010603,DCCC,DEM,Congressional Committee,,2158277.69,346
WINRED,Fundraising Platform (R-aligned),WINRED,C00694323,TRUMP SAVE AMERICA JOINT FUNDRAISING COMMITTEE / TRUMP MAKE AMERICA GREAT AGAIN COMMITTEE,REP,Joint Fundraising,"TRUMP, DONALD J",2156620.91,72
ACTBLUE,Fundraising Platform (D-aligned),ACTBLUE TECHNICAL SERVICES,C00703975,DNC SERVICES CORP./DEM. NAT'L COMMITTEE,DEM,National Party,,2114960.07,88
ACTBLUE,Fundraising Platform (D-aligned),ACTBLUE TECHNICAL SERVICES,C00703975,DNC SERVICES CORP./DEM. NAT'L COMMITTEE,DEM,National Party,,2114671.55,68
ACTBLUE,Fundraising Platform (D-aligned),ACTBLUE TECHNICAL SERVICES,C00736876,DSCC,DEM,Senatorial Committee,,2107539.11,137
WINRED,Fundraising Platform (R-aligned),WINRED,C00694323,TRUMP SAVE AMERICA JOINT FUNDRAISING COMMITTEE / TRUMP MAKE AMERICA GREAT AGAIN COMMITTEE,REP,Joint Fundraising,"TRUMP, DONALD J",2086558.45,82
WINRED,Fundraising Platform (R-aligned),WINRED,C00694323,TRUMP SAVE AMERICA JOINT FUNDRAISING COMMITTEE / TRUMP MAKE AMERICA GREAT AGAIN COMMITTEE,REP,Joint Fundraising,"TRUMP, DONALD J",2071095.2,66
ACTBLUE,Fundraising Platform (D-aligned),ACTBLUE TECHNICAL SERVICES,C00696153,DEMOCRATIC GRASSROOTS ONLINE,DEM,Joint Fundraising,,2059497.67,83
ACTBLUE,Fundraising Platform (D-aligned),ACTBLUE TECHNICAL SERVICES,C00042366,DNC SERVICES CORPORATION,DEM,National Party,,2010485.56,237
ANEDOT,Fundraising Platform (R-leaning),ANEDOT,C00820118,SAVE AMERICA,REP,Leadership PAC,"TRUMP, DONALD J",2003653.16,134
ACTBLUE,Fundraising Platform (D-aligned),ACTBLUE TECHNICAL SERVICES,C00401224,BIDEN FOR PRESIDENT,DEM,Presidential,"BIDEN, JOSEPH R JR",1997960.53,7
ACTBLUE,Fundraising Platform (D-aligned),ACTBLUE,C00000935,DNC,DEM,National Party,,1982399.78,2
WINRED,Fundraising Platform (R-aligned),WINRED,C00694323,TRUMP SAVE AMERICA JOINT FUNDRAISING COMMITTEE / TRUMP MAKE AMERICA GREAT AGAIN COMMITTEE,REP,Joint Fundraising,"TRUMP, DONALD J",1961988.35,67
ACTBLUE,Fundraising Platform (D-aligned),ACTBLUE TECHNICAL SERVICES,C00744946,HARRIS VICTORY FUND,DEM,Joint Fundraising,"HARRIS, KAMALA",1894629.18,48
ACTBLUE,Fundraising Platform (D-aligned),ACTBLUE TECHNICAL SERVICES,C00776997,DEMOCRATIC UNITY FUND,DEM,Joint Fundraising,,1863009.42,93
NGP VAN,CRM / Voter File / Fundraising (D-aligned),NGP VAN INC.,C00703975,DNC SERVICES CORP./DEM. NAT'L COMMITTEE,DEM,National Party,,1862003.87,46
ACTBLUE,Fundraising Platform (D-aligned),ACTBLUE TECHNICAL SERVICES,C00000935,DNC,DEM,National Party,,1842805.58,277
ACTBLUE,Fundraising Platform (D-aligned),ACTBLUE TECHNICAL SERVICES,C00835199,HARRIS ACTION FUND,DEM,Joint Fundraising,"HARRIS, KAMALA",1816019.99,95
EVERYACTION,CRM / Fundraising Platform (D-aligned),EVERYACTION,C00703975,DNC SERVICES CORP./DEM. NAT'L COMMITTEE,DEM,National Party,,1786653.9,22
ACTBLUE,Fundraising Platform (D-aligned),ACTBLUE TECHNICAL SERVICES,C00010603,DCCC,DEM,Congressional Committee,,1782757.39,337
WINRED,Fundraising Platform (R-aligned),WINRED TECHNICAL SERVICES LLC,C00865667,TRUMP 47 COMMITTEE,REP,Joint Fundraising,"TRUMP, DONALD J",1761667.3,4
ACTBLUE,Fundraising Platform (D-aligned),ACTBLUE TECHNICAL SERVICES,C00696948,HARRIS FOR PRESIDENT,DEM,Presidential,"HARRIS, KAMALA",1748403.32,93
ACTBLUE,Fundraising Platform (D-aligned),ACTBLUE TECHNICAL SERVICES,C00703975,DNC SERVICES CORP./DEM. NAT'L COMMITTEE,DEM,National Party,,1727218.85,77
WINRED,Fundraising Platform (R-aligned),WINRED INC.,C00820118,SAVE AMERICA,REP,Leadership PAC,"TRUMP, DONALD J",1711100.0,2
REVV,Fundraising Platform (R-aligned),REVV,C00694323,TRUMP SAVE AMERICA JOINT FUNDRAISING COMMITTEE / TRUMP MAKE AMERICA GREAT AGAIN COMMITTEE,REP,Joint Fundraising,"TRUMP, DONALD J",1688684.47,93
WINRED,Fundraising Platform (R-aligned),WINRED INC.,C00846105,TRUMP NATIONAL COMMITTEE JFC,REP,Joint Fundraising,"TRUMP, DONALD J",1655430.42,4
ACTBLUE,Fundraising Platform (D-aligned),ACTBLUE TECHNICAL SERVICES,C00776997,DEMOCRATIC UNITY FUND,DEM,Joint Fundraising,,1620098.52,69
NGP VAN,CRM / Voter File / Fundraising (D-aligned),NGP VAN INC.,C00703975,DNC SERVICES CORP./DEM. NAT'L COMMITTEE,DEM,National Party,,1601073.96,26
ACTBLUE,Fundraising Platform (D-aligned),ACTBLUE TECHNICAL SERVICES,C00696948,HARRIS FOR PRESIDENT,DEM,Presidential,"HARRIS, KAMALA",1599671.97,83
EVERYACTION,CRM / Fundraising Platform (D-aligned),EVERYACTION,C00703975,DNC SERVICES CORP./DEM. NAT'L COMMITTEE,DEM,National Party,,1534085.96,15
ACTBLUE,Fundraising Platform (D-aligned),ACTBLUE TECHNICAL SERVICES,C00776997,DEMOCRATIC UNITY FUND,DEM,Joint Fundraising,,1506193.64,82
ACTBLUE,Fundraising Platform (D-aligned),ACTBLUE TECHNICAL SERVICES,C00696153,DEMOCRATIC GRASSROOTS ONLINE,DEM,Joint Fundraising,,1493766.79,65
ACTBLUE,Fundraising Platform (D-aligned),ACTBLUE TECHNICAL SERVICES,C00736876,DSCC,DEM,Senatorial Committee,,1476766.38,93
ACTBLUE,Fundraising Platform (D-aligned),ACTBLUE TECHNICAL SERVICES,C00042366,DNC SERVICES CORPORATION,DEM,National Party,,1457831.17,204
ACTBLUE,Fundraising Platform (D-aligned),ACTBLUE TECHNICAL SERVICES,C00835199,HARRIS ACTION FUND,DEM,Joint Fundraising,"HARRIS, KAMALA",1457782.51,107
ACTBLUE,Fundraising Platform (D-aligned),ACTBLUE TECHNICAL SERVICES,C00000935,DNC,DEM,National Party,,1456067.21,231
WINRED,Fundraising Platform (R-aligned),WINRED,C00694323,TRUMP SAVE AMERICA JOINT FUNDRAISING COMMITTEE / TRUMP MAKE AMERICA GREAT AGAIN COMMITTEE,REP,Joint Fundraising,"TRUMP, DONALD J",1445992.15,42
ANEDOT,Fundraising Platform (R-leaning),ANEDOT,C00865667,TRUMP 47 COMMITTEE,REP,Joint Fundraising,"TRUMP, DONALD J",1418620.02,53
ACTBLUE,Fundraising Platform (D-aligned),ACTBLUE TECHNICAL SERVICES,C00401224,BIDEN FOR PRESIDENT,DEM,Presidential,"BIDEN, JOSEPH R JR",1416437.23,18
ACTBLUE,Fundraising Platform (D-aligned),ACTBLUE TECHNICAL SERVICES,C00718866,BIDEN VICTORY FUND,DEM,Joint Fundraising,"BIDEN, JOSEPH R JR",1407543.38,82
ACTBLUE,Fundraising Platform (D-aligned),ACTBLUE TECHNICAL SERVICES,C00718866,BIDEN VICTORY FUND,DEM,Joint Fundraising,"BIDEN, JOSEPH R JR",1376605.97,78
WINRED,Fundraising Platform (R-aligned),WINRED,C00694323,TRUMP SAVE AMERICA JOINT FUNDRAISING COMMITTEE / TRUMP MAKE AMERICA GREAT AGAIN COMMITTEE,REP,Joint Fundraising,"TRUMP, DONALD J",1365247.7,42
ACTBLUE,Fundraising Platform (D-aligned),ACTBLUE TECHNICAL SERVICES,C00835199,HARRIS ACTION FUND,DEM,Joint Fundraising,"HARRIS, KAMALA",1364429.96,68
ACTBLUE,Fundraising Platform (D-aligned),ACTBLUE TECHNICAL SERVICES,C00696948,HARRIS FOR PRESIDENT,DEM,Presidential,"HARRIS, KAMALA",1361987.52,57
ANEDOT,Fundraising Platform (R-leaning),ANEDOT INC.,C00865667,TRUMP 47 COMMITTEE,REP,Joint Fundraising,"TRUMP, DONALD J",1361048.88,62
EVERYACTION,CRM / Fundraising Platform (D-aligned),EVERYACTION,C00703975,DNC SERVICES CORP./DEM. NAT'L COMMITTEE,DEM,National Party,,1329429.82,15
ANEDOT,Fundraising Platform (R-leaning),ANEDOT INC.,C00820118,SAVE AMERICA,REP,Leadership PAC,"TRUMP, DONALD J",1327561.75,48
NGP VAN,CRM / Voter File / Fundraising (D-aligned),NGP VAN INC.,C00703975,DNC SERVICES CORP./DEM. NAT'L COMMITTEE,DEM,National Party,,1310508.73,23
ACTBLUE,Fundraising Platform (D-aligned),ACTBLUE TECHNICAL SERVICES,C00718866,BIDEN VICTORY FUND,DEM,Joint Fundraising,"BIDEN, JOSEPH R JR",1301093.27,85
WINRED,Fundraising Platform (R-aligned),WINRED,C00694323,TRUMP SAVE AMERICA JOINT FUNDRAISING COMMITTEE / TRUMP MAKE AMERICA GREAT AGAIN COMMITTEE,REP,Joint Fundraising,"TRUMP, DONALD J",1293012.28,45
ACTBLUE,Fundraising Platform (D-aligned),ACTBLUE TECHNICAL SERVICES,C00744946,HARRIS VICTORY FUND,DEM,Joint Fundraising,"HARRIS, KAMALA",1283729.69,46
WINRED,Fundraising Platform (R-aligned),WINRED INC.,C00694323,TRUMP SAVE AMERICA JOINT FUNDRAISING COMMITTEE / TRUMP MAKE AMERICA GREAT AGAIN COMMITTEE,REP,Joint Fundraising,"TRUMP, DONALD J",1282028.04,1
WINRED,Fundraising Platform (R-aligned),WINRED INC.,C00694323,TRUMP SAVE AMERICA JOINT FUNDRAISING COMMITTEE / TRUMP MAKE AMERICA GREAT AGAIN COMMITTEE,REP,Joint Fundraising,"TRUMP, DONALD J",1276508.0,1
ACTBLUE,Fundraising Platform (D-aligned),ACTBLUE TECHNICAL SERVICES,C00000935,DNC,DEM,National Party,,1263283.13,213
ACTBLUE,Fundraising Platform (D-aligned),ACTBLUE TECHNICAL SERVICES,C00835199,HARRIS ACTION FUND,DEM,Joint Fundraising,"HARRIS, KAMALA",1259870.86,73
ACTBLUE,Fundraising Platform (D-aligned),ACTBLUE TECHNICAL SERVICES,C00744946,HARRIS VICTORY FUND,DEM,Joint Fundraising,"HARRIS, KAMALA",1259539.36,39
ACTBLUE,Fundraising Platform (D-aligned),ACTBLUE TECHNICAL SERVICES,C00696153,DEMOCRATIC GRASSROOTS ONLINE,DEM,Joint Fundraising,,1259459.96,62
WINRED,Fundraising Platform (R-aligned),WINRED,C00694323,TRUMP SAVE AMERICA JOINT FUNDRAISING COMMITTEE / TRUMP MAKE AMERICA GREAT AGAIN COMMITTEE,REP,Joint Fundraising,"TRUMP, DONALD J",1257750.58,53
REVV,Fundraising Platform (R-aligned),REVV,C00694323,TRUMP SAVE AMERICA JOINT FUNDRAISING COMMITTEE / TRUMP MAKE AMERICA GREAT AGAIN COMMITTEE,REP,Joint Fundraising,"TRUMP, DONALD J",1236994.76,64
ACTBLUE,Fundraising Platform (D-aligned),ACTBLUE TECHNICAL SERVICES,C00703975,DNC SERVICES CORP./DEM. NAT'L COMMITTEE,DEM,National Party,,1226268.42,41
ACTBLUE,Fundraising Platform (D-aligned),ACTBLUE TECHNICAL SERVICES,C00696153,DEMOCRATIC GRASSROOTS ONLINE,DEM,Joint Fundraising,,1223629.28,64
ACTBLUE,Fundraising Platform (D-aligned),ACTBLUE TECHNICAL SERVICES,C00042366,DNC SERVICES CORPORATION,DEM,National Party,,1218723.31,225
WINRED,Fundraising Platform (R-aligned),WINRED INC.,C00694323,TRUMP SAVE AMERICA JOINT FUNDRAISING COMMITTEE / TRUMP MAKE AMERICA GREAT AGAIN COMMITTEE,REP,Joint Fundraising,"TRUMP, DONALD J",1200000.0,1
ACTBLUE,Fundraising Platform (D-aligned),ACTBLUE TECHNICAL SERVICES,C00703975,DNC SERVICES CORP./DEM. NAT'L COMMITTEE,DEM,National Party,,1188662.65,38
ACTBLUE,Fundraising Platform (D-aligned),ACTBLUE TECHNICAL SERVICES,C00696153,DEMOCRATIC GRASSROOTS ONLINE,DEM,Joint Fundraising,,1177032.13,53
WINRED,Fundraising Platform (R-aligned),WINRED INC.,C00694323,TRUMP SAVE AMERICA JOINT FUNDRAISING COMMITTEE / TRUMP MAKE AMERICA GREAT AGAIN COMMITTEE,REP,Joint Fundraising,"TRUMP, DONALD J",1160000.0,1
ACTBLUE,Fundraising Platform (D-aligned),ACTBLUE TECHNICAL SERVICES,C00736876,DSCC,DEM,Senatorial Committee,,1158316.34,82
ACTBLUE,Fundraising Platform (D-aligned),ACTBLUE TECHNICAL SERVICES,C00703975,DNC SERVICES CORP./DEM. NAT'L COMMITTEE,DEM,National Party,,1150236.86,40
EVERYACTION,CRM / Fundraising Platform (D-aligned),EVERYACTION,C00703975,DNC SERVICES CORP./DEM. NAT'L COMMITTEE,DEM,National Party,,1148652.36,15
WINRED,Fundraising Platform (R-aligned),WINRED,C00764522,NRSC (NATIONAL REPUBLICAN SENATORIAL COMMITTEE),REP,Senatorial Committee,,1139927.31,198
ACTBLUE,Fundraising Platform (D-aligned),ACTBLUE TECHNICAL SERVICES,C00010603,DCCC,DEM,Congressional Committee,,1135927.32,143
ACTBLUE,Fundraising Platform (D-aligned),ACTBLUE TECHNICAL SERVICES,C00042366,DNC SERVICES CORPORATION,DEM,National Party,,1131281.91,184
WINRED,Fundraising Platform (R-aligned),WINRED,C00694323,TRUMP SAVE AMERICA JOINT FUNDRAISING COMMITTEE / TRUMP MAKE AMERICA GREAT AGAIN COMMITTEE,REP,Joint Fundraising,"TRUMP, DONALD J",1127655.68,35
WINRED,Fundraising Platform (R-aligned),WINRED,C00694323,TRUMP SAVE AMERICA JOINT FUNDRAISING COMMITTEE / TRUMP MAKE AMERICA GREAT AGAIN COMMITTEE,REP,Joint Fundraising,"TRUMP, DONALD J",1119416.03,32
NGP VAN,CRM / Voter File / Fundraising (D-aligned),NGP VAN,C00703975,DNC SERVICES CORP./DEM. NAT'L COMMITTEE,DEM,National Party,,1109399.91,111
ACTBLUE,Fundraising Platform (D-aligned),ACTBLUE TECHNICAL SERVICES,C00744946,HARRIS VICTORY FUND,DEM,Joint Fundraising,"HARRIS, KAMALA",1088296.0,36
WINRED,Fundraising Platform (R-aligned),WINRED,C00694323,TRUMP SAVE AMERICA JOINT FUNDRAISING COMMITTEE / TRUMP MAKE AMERICA GREAT AGAIN COMMITTEE,REP,Joint Fundraising,"TRUMP, DONALD J",1064543.65,35
WINRED,Fundraising Platform (R-aligned),WINRED,C00694323,TRUMP SAVE AMERICA JOINT FUNDRAISING COMMITTEE / TRUMP MAKE AMERICA GREAT AGAIN COMMITTEE,REP,Joint Fundraising,"TRUMP, DONALD J",1042174.87,29
ACTBLUE,Fundraising Platform (D-aligned),ACTBLUE TECHNICAL SERVICES,C00696948,HARRIS FOR PRESIDENT,DEM,Presidential,"HARRIS, KAMALA",1032044.98,53
ACTBLUE,Fundraising Platform (D-aligned),ACTBLUE TECHNICAL SERVICES,C00010603,DCCC,DEM,Congressional Committee,,1029746.7,163
ACTBLUE,Fundraising Platform (D-aligned),ACTBLUE TECHNICAL SERVICES,C00776997,DEMOCRATIC UNITY FUND,DEM,Joint Fundraising,,1028413.26,76
ACTBLUE,Fundraising Platform (D-aligned),ACTBLUE TECHNICAL SERVICES,C00718866,BIDEN VICTORY FUND,DEM,Joint Fundraising,"BIDEN, JOSEPH R JR",1011508.47,60
ACTBLUE,Fundraising Platform (D-aligned),ACTBLUE TECHNICAL SERVICES,C00010603,DCCC,DEM,Congressional Committee,,1008414.24,279
WINRED,Fundraising Platform (R-aligned),WINRED INC.,C00694323,TRUMP SAVE AMERICA JOINT FUNDRAISING COMMITTEE / TRUMP MAKE AMERICA GREAT AGAIN COMMITTEE,REP,Joint Fundraising,"TRUMP, DONALD J",1000000.0,1
EVERYACTION,CRM / Fundraising Platform (D-aligned),EVERYACTION INC.,C00703975,DNC SERVICES CORP./DEM. NAT'L COMMITTEE,DEM,National Party,,993340.59,15
ACTBLUE,Fundraising Platform (D-aligned),ACTBLUE TECHNICAL SERVICES,C00736876,DSCC,DEM,Senatorial Committee,,990397.71,66
ACTBLUE,Fundraising Platform (D-aligned),ACTBLUE TECHNICAL SERVICES,C00718866,BIDEN VICTORY FUND,DEM,Joint Fundraising,"BIDEN, JOSEPH R JR",979753.39,63
ACTBLUE,Fundraising Platform (D-aligned),ACTBLUE TECHNICAL SERVICES,C00000935,DNC,DEM,National Party,,971785.62,185
ACTBLUE,Fundraising Platform (D-aligned),ACTBLUE TECHNICAL SERVICES,C00696948,HARRIS FOR PRESIDENT,DEM,Presidential,"HARRIS, KAMALA",968254.81,46
WINRED,Fundraising Platform (R-aligned),WINRED,C00694323,TRUMP SAVE AMERICA JOINT FUNDRAISING COMMITTEE / TRUMP MAKE AMERICA GREAT AGAIN COMMITTEE,REP,Joint Fundraising,"TRUMP, DONALD J",967416.99,25
ACTBLUE,Fundraising Platform (D-aligned),ACTBLUE TECHNICAL SERVICES,C00703975,DNC SERVICES CORP./DEM. NAT'L COMMITTEE,DEM,National Party,,965416.94,43
ACTBLUE,Fundraising Platform (D-aligned),ACTBLUE TECHNICAL SERVICES,C00042366,DNC SERVICES CORPORATION,DEM,National Party,,961453.32,165
WINRED,Fundraising Platform (R-aligned),WINRED,C00694323,TRUMP SAVE AMERICA JOINT FUNDRAISING COMMITTEE / TRUMP MAKE AMERICA GREAT AGAIN COMMITTEE,REP,Joint Fundraising,"TRUMP, DONALD J",957095.82,24
ACTBLUE,Fundraising Platform (D-aligned),ACTBLUE TECHNICAL SERVICES,C00835199,HARRIS ACTION FUND,DEM,Joint Fundraising,"HARRIS, KAMALA",951746.95,57
NGP VAN,CRM / Voter File / Fundraising (D-aligned),NGP VAN INC,C00744946,HARRIS VICTORY FUND,DEM,Joint Fundraising,"HARRIS, KAMALA",948770.64,89
WINRED,Fundraising Platform (R-aligned),WINRED,C00694323,TRUMP SAVE AMERICA JOINT FUNDRAISING COMMITTEE / TRUMP MAKE AMERICA GREAT AGAIN COMMITTEE,REP,Joint Fundraising,"TRUMP, DONALD J",948393.77,23
WINRED,Fundraising Platform (R-aligned),WINRED,C00694323,TRUMP SAVE AMERICA JOINT FUNDRAISING COMMITTEE / TRUMP MAKE AMERICA GREAT AGAIN COMMITTEE,REP,Joint Fundraising,"TRUMP, DONALD J",947698.49,23
ACTBLUE,Fundraising Platform (D-aligned),ACTBLUE TECHNICAL SERVICES,C00736876,DSCC,DEM,Senatorial Committee,,944843.83,67
ACTBLUE,Fundraising Platform (D-aligned),ACTBLUE TECHNICAL SERVICES,C00835199,HARRIS ACTION FUND,DEM,Joint Fundraising,"HARRIS, KAMALA",932050.9,51
WINRED,Fundraising Platform (R-aligned),WINRED,C00694323,TRUMP SAVE AMERICA JOINT FUNDRAISING COMMITTEE / TRUMP MAKE AMERICA GREAT AGAIN COMMITTEE,REP,Joint Fundraising,"TRUMP, DONALD J",923870.32,27
ACTBLUE,Fundraising Platform (D-aligned),ACTBLUE TECHNICAL SERVICES,C00010603,DCCC,DEM,Congressional Committee,,922413.51,233
ACTBLUE,Fundraising Platform (D-aligned),ACTBLUE TECHNICAL SERVICES,C00696153,DEMOCRATIC GRASSROOTS ONLINE,DEM,Joint Fundraising,,918729.55,60
ACTBLUE,Fundraising Platform (D-aligned),ACTBLUE TECHNICAL SERVICES,C00696948,HARRIS FOR PRESIDENT,DEM,Presidential,"HARRIS, KAMALA",904825.33,42
NGP VAN,CRM / Voter File / Fundraising (D-aligned),NGP VAN INC.,C00703975,DNC SERVICES CORP./DEM. NAT'L COMMITTEE,DEM,National Party,,901099.55,14
WINRED,Fundraising Platform (R-aligned),WINRED,C00694323,TRUMP SAVE AMERICA JOINT FUNDRAISING COMMITTEE / TRUMP MAKE AMERICA GREAT AGAIN COMMITTEE,REP,Joint Fundraising,"TRUMP, DONALD J",877543.87,33
ACTBLUE,Fundraising Platform (D-aligned),ACTBLUE TECHNICAL SERVICES,C00776997,DEMOCRATIC UNITY FUND,DEM,Joint Fundraising,,876316.8,60
EVERYACTION,CRM / Fundraising Platform (D-aligned),EVERYACTION INC,C00744946,HARRIS VICTORY FUND,DEM,Joint Fundraising,"HARRIS, KAMALA",875505.75,60
ACTBLUE,Fundraising Platform (D-aligned),ACTBLUE TECHNICAL SERVICES,C00696948,HARRIS FOR PRESIDENT,DEM,Presidential,"HARRIS, KAMALA",870704.88,37
ACTBLUE,Fundraising Platform (D-aligned),ACTBLUE TECHNICAL SERVICES,C00744946,HARRIS VICTORY FUND,DEM,Joint Fundraising,"HARRIS, KAMALA",868831.54,29
WINRED,Fundraising Platform (R-aligned),WINRED,C00694323,TRUMP SAVE AMERICA JOINT FUNDRAISING COMMITTEE / TRUMP MAKE AMERICA GREAT AGAIN COMMITTEE,REP,Joint Fundraising,"TRUMP, DONALD J",867710.64,23
WINRED,Fundraising Platform (R-aligned),WINRED,C00694323,TRUMP SAVE AMERICA JOINT FUNDRAISING COMMITTEE / TRUMP MAKE AMERICA GREAT AGAIN COMMITTEE,REP,Joint Fundraising,"TRUMP, DONALD J",860990.23,27
WINRED,Fundraising Platform (R-aligned),WINRED,C00694323,TRUMP SAVE AMERICA JOINT FUNDRAISING COMMITTEE / TRUMP MAKE AMERICA GREAT AGAIN COMMITTEE,REP,Joint Fundraising,"TRUMP, DONALD J",860624.13,27
WINRED,Fundraising Platform (R-aligned),WINRED,C00694323,TRUMP SAVE AMERICA JOINT FUNDRAISING COMMITTEE / TRUMP MAKE AMERICA GREAT AGAIN COMMITTEE,REP,Joint Fundraising,"TRUMP, DONALD J",849858.54,30
WINRED,Fundraising Platform (R-aligned),WINRED,C00694323,TRUMP SAVE AMERICA JOINT FUNDRAISING COMMITTEE / TRUMP MAKE AMERICA GREAT AGAIN COMMITTEE,REP,Joint Fundraising,"TRUMP, DONALD J",843178.89,23
EVERYACTION,CRM / Fundraising Platform (D-aligned),EVERYACTION,C00703975,DNC SERVICES CORP./DEM. NAT'L COMMITTEE,DEM,National Party,,842428.56,15
NGP VAN,CRM / Voter File / Fundraising (D-aligned),NGP VAN INC,C00744946,HARRIS VICTORY FUND,DEM,Joint Fundraising,"HARRIS, KAMALA",831430.55,73
WINRED,Fundraising Platform (R-aligned),WINRED,C00694323,TRUMP SAVE AMERICA JOINT FUNDRAISING COMMITTEE / TRUMP MAKE AMERICA GREAT AGAIN COMMITTEE,REP,Joint Fundraising,"TRUMP, DONALD J",816834.16,24
WINRED,Fundraising Platform (R-aligned),WINRED,C00694323,TRUMP SAVE AMERICA JOINT FUNDRAISING COMMITTEE / TRUMP MAKE AMERICA GREAT AGAIN COMMITTEE,REP,Joint Fundraising,"TRUMP, DONALD J",810637.16,23
WINRED,Fundraising Platform (R-aligned),WINRED,C00694323,TRUMP SAVE AMERICA JOINT FUNDRAISING COMMITTEE / TRUMP MAKE AMERICA GREAT AGAIN COMMITTEE,REP,Joint Fundraising,"TRUMP, DONALD J",808709.68,22
WINRED,Fundraising Platform (R-aligned),WINRED,C00694323,TRUMP SAVE AMERICA JOINT FUNDRAISING COMMITTEE / TRUMP MAKE AMERICA GREAT AGAIN COMMITTEE,REP,Joint Fundraising,"TRUMP, DONALD J",806032.8,19
WINRED,Fundraising Platform (R-aligned),WINRED,C00694323,TRUMP SAVE AMERICA JOINT FUNDRAISING COMMITTEE / TRUMP MAKE AMERICA GREAT AGAIN COMMITTEE,REP,Joint Fundraising,"TRUMP, DONALD J",802735.2,21
WINRED,Fundraising Platform (R-aligned),WINRED INC.,C00694323,TRUMP SAVE AMERICA JOINT FUNDRAISING COMMITTEE / TRUMP MAKE AMERICA GREAT AGAIN COMMITTEE,REP,Joint Fundraising,"TRUMP, DONALD J",800000.0,1
WINRED,Fundraising Platform (R-aligned),WINRED,C00694323,TRUMP SAVE AMERICA JOINT FUNDRAISING COMMITTEE / TRUMP MAKE AMERICA GREAT AGAIN COMMITTEE,REP,Joint Fundraising,"TRUMP, DONALD J",791424.15,21
WINRED,Fundraising Platform (R-aligned),WINRED,C00694323,TRUMP SAVE AMERICA JOINT FUNDRAISING COMMITTEE / TRUMP MAKE AMERICA GREAT AGAIN COMMITTEE,REP,Joint Fundraising,"TRUMP, DONALD J",788523.38,20
WINRED,Fundraising Platform (R-aligned),WINRED,C00694323,TRUMP SAVE AMERICA JOINT FUNDRAISING COMMITTEE / TRUMP MAKE AMERICA GREAT AGAIN COMMITTEE,REP,Joint Fundraising,"TRUMP, DONALD J",779555.85,20
WINRED,Fundraising Platform (R-aligned),WINRED,C00694323,TRUMP SAVE AMERICA JOINT FUNDRAISING COMMITTEE / TRUMP MAKE AMERICA GREAT AGAIN COMMITTEE,REP,Joint Fundraising,"TRUMP, DONALD J",779427.56,21
WINRED,Fundraising Platform (R-aligned),WINRED,C00694323,TRUMP SAVE AMERICA JOINT FUNDRAISING COMMITTEE / TRUMP MAKE AMERICA GREAT AGAIN COMMITTEE,REP,Joint Fundraising,"TRUMP, DONALD J",778889.29,19
WINRED,Fundraising Platform (R-aligned),WINRED,C00694323,TRUMP SAVE AMERICA JOINT FUNDRAISING COMMITTEE / TRUMP MAKE AMERICA GREAT AGAIN COMMITTEE,REP,Joint Fundraising,"TRUMP, DONALD J",774920.64,23
WINRED,Fundraising Platform (R-aligned),WINRED,C00694323,TRUMP SAVE AMERICA JOINT FUNDRAISING COMMITTEE / TRUMP MAKE AMERICA GREAT AGAIN COMMITTEE,REP,Joint Fundraising,"TRUMP, DONALD J",773654.79,20
WINRED,Fundraising Platform (R-aligned),WINRED,C00694323,TRUMP SAVE AMERICA JOINT FUNDRAISING COMMITTEE / TRUMP MAKE AMERICA GREAT AGAIN COMMITTEE,REP,Joint Fundraising,"TRUMP, DONALD J",760555.07,18
WINRED,Fundraising Platform (R-aligned),WINRED,C00694323,TRUMP SAVE AMERICA JOINT FUNDRAISING COMMITTEE / TRUMP MAKE AMERICA GREAT AGAIN COMMITTEE,REP,Joint Fundraising,"TRUMP, DONALD J",759432.85,18
ANEDOT,Fundraising Platform (R-leaning),ANEDOT INC.,C00791947,TED CRUZ FOR SENATE,REP,Senate,"CRUZ, TED",748680.52,143
WINRED,Fundraising Platform (R-aligned),WINRED,C00694323,TRUMP SAVE AMERICA JOINT FUNDRAISING COMMITTEE / TRUMP MAKE AMERICA GREAT AGAIN COMMITTEE,REP,Joint Fundraising,"TRUMP, DONALD J",747816.85,19
WINRED,Fundraising Platform (R-aligned),WINRED,C00694323,TRUMP SAVE AMERICA JOINT FUNDRAISING COMMITTEE / TRUMP MAKE AMERICA GREAT AGAIN COMMITTEE,REP,Joint Fundraising,"TRUMP, DONALD J",733076.83,18
WINRED,Fundraising Platform (R-aligned),WINRED,C00694323,TRUMP SAVE AMERICA JOINT FUNDRAISING COMMITTEE / TRUMP MAKE AMERICA GREAT AGAIN COMMITTEE,REP,Joint Fundraising,"TRUMP, DONALD J",729764.35,22
WINRED,Fundraising Platform (R-aligned),WINRED,C00694323,TRUMP SAVE AMERICA JOINT FUNDRAISING COMMITTEE / TRUMP MAKE AMERICA GREAT AGAIN COMMITTEE,REP,Joint Fundraising,"TRUMP, DONALD J",729568.57,19
WINRED,Fundraising Platform (R-aligned),WINRED,C00694323,TRUMP SAVE AMERICA JOINT FUNDRAISING COMMITTEE / TRUMP MAKE AMERICA GREAT AGAIN COMMITTEE,REP,Joint Fundraising,"TRUMP, DONALD J",725362.22,17
WINRED,Fundraising Platform (R-aligned),WINRED,C00694323,TRUMP SAVE AMERICA JOINT FUNDRAISING COMMITTEE / TRUMP MAKE AMERICA GREAT AGAIN COMMITTEE,REP,Joint Fundraising,"TRUMP, DONALD J",716878.22,15
WINRED,Fundraising Platform (R-aligned),WINRED INC.,C00694323,TRUMP SAVE AMERICA JOINT FUNDRAISING COMMITTEE / TRUMP MAKE AMERICA GREAT AGAIN COMMITTEE,REP,Joint Fundraising,"TRUMP, DONALD J",712503.45,1
WINRED,Fundraising Platform (R-aligned),WINRED,C00694323,TRUMP SAVE AMERICA JOINT FUNDRAISING COMMITTEE / TRUMP MAKE AMERICA GREAT AGAIN COMMITTEE,REP,Joint Fundraising,"TRUMP, DONALD J",710987.48,15
WINRED,Fundraising Platform (R-aligned),WINRED,C00694323,TRUMP SAVE AMERICA JOINT FUNDRAISING COMMITTEE / TRUMP MAKE AMERICA GREAT AGAIN COMMITTEE,REP,Joint Fundraising,"TRUMP, DONALD J",709174.16,16
WINRED,Fundraising Platform (R-aligned),WINRED,C00694323,TRUMP SAVE AMERICA JOINT FUNDRAISING COMMITTEE / TRUMP MAKE AMERICA GREAT AGAIN COMMITTEE,REP,Joint Fundraising,"TRUMP, DONALD J",707399.58,22
WINRED,Fundraising Platform (R-aligned),WINRED,C00764522,NRSC (NATIONAL REPUBLICAN SENATORIAL COMMITTEE),REP,Senatorial Committee,,704413.46,102
WINRED,Fundraising Platform (R-aligned),WINRED,C00694323,TRUMP SAVE AMERICA JOINT FUNDRAISING COMMITTEE / TRUMP MAKE AMERICA GREAT AGAIN COMMITTEE,REP,Joint Fundraising,"TRUMP, DONALD J",701789.68,16
NGP VAN,CRM / Voter File / Fundraising (D-aligned),NGP VAN INC.,C00703975,DNC SERVICES CORP./DEM. NAT'L COMMITTEE,DEM,National Party,,701289.23,11
WINRED,Fundraising Platform (R-aligned),WINRED,C00694323,TRUMP SAVE AMERICA JOINT FUNDRAISING COMMITTEE / TRUMP MAKE AMERICA GREAT AGAIN COMMITTEE,REP,Joint Fundraising,"TRUMP, DONALD J",698927.83,17
WINRED,Fundraising Platform (R-aligned),WINRED,C00694323,TRUMP SAVE AMERICA JOINT FUNDRAISING COMMITTEE / TRUMP MAKE AMERICA GREAT AGAIN COMMITTEE,REP,Joint Fundraising,"TRUMP, DONALD J",698789.86,20
REVV,Fundraising Platform (R-aligned),REVV,C00764522,NRSC (NATIONAL REPUBLICAN SENATORIAL COMMITTEE),REP,Senatorial Committee,,695555.17,191
EVERYACTION,CRM / Fundraising Platform (D-aligned),EVERYACTION INC,C00744946,HARRIS VICTORY FUND,DEM,Joint Fundraising,"HARRIS, KAMALA",693461.89,56
WINRED,Fundraising Platform (R-aligned),WINRED,C00694323,TRUMP SAVE AMERICA JOINT FUNDRAISING COMMITTEE / TRUMP MAKE AMERICA GREAT AGAIN COMMITTEE,REP,Joint Fundraising,"TRUMP, DONALD J",688978.88,15
WINRED,Fundraising Platform (R-aligned),WINRED,C00694323,TRUMP SAVE AMERICA JOINT FUNDRAISING COMMITTEE / TRUMP MAKE AMERICA GREAT AGAIN COMMITTEE,REP,Joint Fundraising,"TRUMP, DONALD J",682949.63,17
WINRED,Fundraising Platform (R-aligned),WINRED,C00694323,TRUMP SAVE AMERICA JOINT FUNDRAISING COMMITTEE / TRUMP MAKE AMERICA GREAT AGAIN COMMITTEE,REP,Joint Fundraising,"TRUMP, DONALD J",681789.48,13
WINRED,Fundraising Platform (R-aligned),WINRED,C00694323,TRUMP SAVE AMERICA JOINT FUNDRAISING COMMITTEE / TRUMP MAKE AMERICA GREAT AGAIN COMMITTEE,REP,Joint Fundraising,"TRUMP, DONALD J",674379.46,18
WINRED,Fundraising Platform (R-aligned),WINRED,C00694323,TRUMP SAVE AMERICA JOINT FUNDRAISING COMMITTEE / TRUMP MAKE AMERICA GREAT AGAIN COMMITTEE,REP,Joint Fundraising,"TRUMP, DONALD J",670524.29,14
WINRED,Fundraising Platform (R-aligned),WINRED,C00694323,TRUMP SAVE AMERICA JOINT FUNDRAISING COMMITTEE / TRUMP MAKE AMERICA GREAT AGAIN COMMITTEE,REP,Joint Fundraising,"TRUMP, DONALD J",665764.05,13
WINRED,Fundraising Platform (R-aligned),WINRED,C00694323,TRUMP SAVE AMERICA JOINT FUNDRAISING COMMITTEE / TRUMP MAKE AMERICA GREAT AGAIN COMMITTEE,REP,Joint Fundraising,"TRUMP, DONALD J",665044.1,14
WINRED,Fundraising Platform (R-aligned),WINRED,C00694323,TRUMP SAVE AMERICA JOINT FUNDRAISING COMMITTEE / TRUMP MAKE AMERICA GREAT AGAIN COMMITTEE,REP,Joint Fundraising,"TRUMP, DONALD J",658735.29,16
WINRED,Fundraising Platform (R-aligned),WINRED,C00694323,TRUMP SAVE AMERICA JOINT FUNDRAISING COMMITTEE / TRUMP MAKE AMERICA GREAT AGAIN COMMITTEE,REP,Joint Fundraising,"TRUMP, DONALD J",653453.41,10
EVERYACTION,CRM / Fundraising Platform (D-aligned),EVERYACTION,C00703975,DNC SERVICES CORP./DEM. NAT'L COMMITTEE,DEM,National Party,,652455.26,14
ANEDOT,Fundraising Platform (R-leaning),ANEDOT,C00846105,TRUMP NATIONAL COMMITTEE JFC,REP,Joint Fundraising,"TRUMP, DONALD J",645610.51,63
NGP VAN,CRM / Voter File / Fundraising (D-aligned),NGP VAN INC,C00744946,HARRIS VICTORY FUND,DEM,Joint Fundraising,"HARRIS, KAMALA",604020.02,52
REVV,Fundraising Platform (R-aligned),REVV INC.,C00694323,TRUMP SAVE AMERICA JOINT FUNDRAISING COMMITTEE / TRUMP MAKE AMERICA GREAT AGAIN COMMITTEE,REP,Joint Fundraising,"TRUMP, DONALD J",577575.68,9
REVV,Fundraising Platform (R-aligned),REVV,C00694323,TRUMP SAVE AMERICA JOINT FUNDRAISING COMMITTEE / TRUMP MAKE AMERICA GREAT AGAIN COMMITTEE,REP,Joint Fundraising,"TRUMP, DONALD J",556862.53,27
ANEDOT,Fundraising Platform (R-leaning),ANEDOT INC.,C00846105,TRUMP NATIONAL COMMITTEE JFC,REP,Joint Fundraising,"TRUMP, DONALD J",556804.27,40
NGP VAN,CRM / Voter File / Fundraising (D-aligned),NGP VAN INC.,C00703975,DNC SERVICES CORP./DEM. NAT'L COMMITTEE,DEM,National Party,,554270.58,10
ANEDOT,Fundraising Platform (R-leaning),ANEDOT,C00766733,BERNIE MORENO FOR OHIO,REP,Senate,"MORENO, BERNIE",500044.73,52
REVV,Fundraising Platform (R-aligned),REVV,C00764522,NRSC (NATIONAL REPUBLICAN SENATORIAL COMMITTEE),REP,Senatorial Committee,,478513.02,90
EVERYACTION,CRM / Fundraising Platform (D-aligned),EVERYACTION,C00703975,DNC SERVICES CORP./DEM. NAT'L COMMITTEE,DEM,National Party,,449073.0,14
ANEDOT,Fundraising Platform (R-leaning),ANEDOT,C00837518,VIVEK RAMASWAMY,REP,Presidential,"RAMASWAMY, VIVEK",444044.15,12
ANEDOT,Fundraising Platform (R-leaning),ANEDOT INC.,C00766733,BERNIE MORENO FOR OHIO,REP,Senate,"MORENO, BERNIE",438671.74,42
NGP VAN,CRM / Voter File / Fundraising (D-aligned),NGP VAN INC.,C00000935,DNC,DEM,National Party,,424938.6,6
NGP VAN,CRM / Voter File / Fundraising (D-aligned),NGP VAN INC.,C00703975,DNC SERVICES CORP./DEM. NAT'L COMMITTEE,DEM,National Party,,422067.99,6
ANEDOT,Fundraising Platform (R-leaning),ANEDOT,C00791947,TED CRUZ FOR SENATE,REP,Senate,"CRUZ, TED",383277.56,75
NGP VAN,CRM / Voter File / Fundraising (D-aligned),NGP VAN INC.,C00000935,DNC,DEM,National Party,,339924.28,6
ANEDOT,Fundraising Platform (R-leaning),ANEDOT,C00801308,KARI LAKE FOR ARIZONA,REP,Senate,"LAKE, KARI",338024.49,47
ANEDOT,Fundraising Platform (R-leaning),ANEDOT,C00842765,CELESTE FOR CONGRESS,REP,House,"MALOY, CELESTE",319116.51,73
ANEDOT,Fundraising Platform (R-leaning),ANEDOT INC.,C00801308,KARI LAKE FOR ARIZONA,REP,Senate,"LAKE, KARI",317810.26,39
NGP VAN,CRM / Voter File / Fundraising (D-aligned),NGP VAN INC.,C00401224,BIDEN FOR PRESIDENT,DEM,Presidential,"BIDEN, JOSEPH R JR",315000.0,1
ANEDOT,Fundraising Platform (R-leaning),ANEDOT,C00838318,MIKE ROGERS FOR SENATE,REP,Senate,"ROGERS, MIKE",310424.75,112
ANEDOT,Fundraising Platform (R-leaning),ANEDOT,C00543892,RICK SCOTT FOR FLORIDA,REP,Senate,"SCOTT, RICK",306363.16,64
ANEDOT,Fundraising Platform (R-leaning),ANEDOT INC.,C00842765,CELESTE FOR CONGRESS,REP,House,"MALOY, CELESTE",296766.44,56
ANEDOT,Fundraising Platform (R-leaning),ANEDOT,C00849471,TIM SHEEHY FOR MONTANA,REP,Senate,"SHEEHY, TIM",293416.48,115
EVERYACTION,CRM / Fundraising Platform (D-aligned),EVERYACTION INC.,C00703975,DNC SERVICES CORP./DEM. NAT'L COMMITTEE,DEM,National Party,,290779.11,14
ANEDOT,Fundraising Platform (R-leaning),ANEDOT INC.,C00543892,RICK SCOTT FOR FLORIDA,REP,Senate,"SCOTT, RICK",279373.57,54
NGP VAN,CRM / Voter File / Fundraising (D-aligned),NGP VAN INC,C00696153,DEMOCRATIC GRASSROOTS ONLINE,DEM,Joint Fundraising,,278505.99,24
REVV,Fundraising Platform (R-aligned),REVV,C00694323,TRUMP SAVE AMERICA JOINT FUNDRAISING COMMITTEE / TRUMP MAKE AMERICA GREAT AGAIN COMMITTEE,REP,Joint Fundraising,"TRUMP, DONALD J",275975.81,21
EVERYACTION,CRM / Fundraising Platform (D-aligned),EVERYACTION INC,C00696153,DEMOCRATIC GRASSROOTS ONLINE,DEM,Joint Fundraising,,269785.27,28
ANEDOT,Fundraising Platform (R-leaning),ANEDOT,C00752287,ERIC HOVDE FOR WISCONSIN,REP,Senate,"HOVDE, ERIC",268037.35,52
NGP VAN,CRM / Voter File / Fundraising (D-aligned),NGP VAN INC.,C00000935,DNC,DEM,National Party,,264990.84,6
REVV,Fundraising Platform (R-aligned),REVV INC.,C00694323,TRUMP SAVE AMERICA JOINT FUNDRAISING COMMITTEE / TRUMP MAKE AMERICA GREAT AGAIN COMMITTEE,REP,Joint Fundraising,"TRUMP, DONALD J",261266.0,2
NGP VAN,CRM / Voter File / Fundraising (D-aligned),NGP VAN INC.,C00000935,DNC,DEM,National Party,,256654.12,6
ANEDOT,Fundraising Platform (R-leaning),ANEDOT,C00739920,ROSENDALE FOR MONTANA,REP,Senate,"ROSENDALE, MATT",255513.86,53
REVV,Fundraising Platform (R-aligned),REVV,C00694323,TRUMP SAVE AMERICA JOINT FUNDRAISING COMMITTEE / TRUMP MAKE AMERICA GREAT AGAIN COMMITTEE,REP,Joint Fundraising,"TRUMP, DONALD J",252893.82,16
NGP VAN,CRM / Voter File / Fundraising (D-aligned),NGP VAN INC,C00696153,DEMOCRATIC GRASSROOTS ONLINE,DEM,Joint Fundraising,,252476.39,24
NGP VAN,CRM / Voter File / Fundraising (D-aligned),NGP VAN INC.,C00000935,DNC,DEM,National Party,,248440.8,4
ANEDOT,Fundraising Platform (R-leaning),ANEDOT INC.,C00838318,MIKE ROGERS FOR SENATE,REP,Senate,"ROGERS, MIKE",243218.16,72
ANEDOT,Fundraising Platform (R-leaning),ANEDOT,C00839233,DAVE MCCORMICK FOR SENATE,REP,Senate,"MCCORMICK, DAVE",237527.98,48
EVERYACTION,CRM / Fundraising Platform (D-aligned),EVERYACTION INC,C00696153,DEMOCRATIC GRASSROOTS ONLINE,DEM,Joint Fundraising,,230543.4,23
ANEDOT,Fundraising Platform (R-leaning),ANEDOT INC.,C00752287,ERIC HOVDE FOR WISCONSIN,REP,Senate,"HOVDE, ERIC",228620.48,40
ANEDOT,Fundraising Platform (R-leaning),ANEDOT,C00845875,SAM BROWN FOR NEVADA,REP,Senate,"BROWN, SAM",228001.59,18
ANEDOT,Fundraising Platform (R-leaning),ANEDOT,C00717942,HERSCHEL WALKER / GA CANDIDATE,REP,Senate,,225541.81,87
NGP VAN,CRM / Voter File / Fundraising (D-aligned),NGP VAN INC,C00696153,DEMOCRATIC GRASSROOTS ONLINE,DEM,Joint Fundraising,,221073.64,18
ANEDOT,Fundraising Platform (R-leaning),ANEDOT,C00547695,MARSHA BLACKBURN FOR SENATE,REP,Senate,"BLACKBURN, MARSHA",207424.12,46
ANEDOT,Fundraising Platform (R-leaning),ANEDOT,C00654707,JOSH HAWLEY FOR SENATE,REP,Senate,"HAWLEY, JOSH",204972.64,56
REVV,Fundraising Platform (R-aligned),REVV,C00694323,TRUMP SAVE AMERICA JOINT FUNDRAISING COMMITTEE / TRUMP MAKE AMERICA GREAT AGAIN COMMITTEE,REP,Joint Fundraising,"TRUMP, DONALD J",204792.11,10
REVV,Fundraising Platform (R-aligned),REVV,C00764522,NRSC (NATIONAL REPUBLICAN SENATORIAL COMMITTEE),REP,Senatorial Committee,,204757.65,88
ANEDOT,Fundraising Platform (R-leaning),ANEDOT,C00850776,LARRY HOGAN FOR US SENATE,REP,Senate,"HOGAN, LARRY",201133.65,31
ANEDOT,Fundraising Platform (R-leaning),ANEDOT INC.,C00849471,TIM SHEEHY FOR MONTANA,REP,Senate,"SHEEHY, TIM",199958.68,79
ANEDOT,Fundraising Platform (R-leaning),ANEDOT INC.,C00547695,MARSHA BLACKBURN FOR SENATE,REP,Senate,"BLACKBURN, MARSHA",198082.48,34
NGP VAN,CRM / Voter File / Fundraising (D-aligned),NGP VAN INC.,C00000935,DNC,DEM,National Party,,197427.96,4
NGP VAN,CRM / Voter File / Fundraising (D-aligned),NGP VAN INC,C00696153,DEMOCRATIC GRASSROOTS ONLINE,DEM,Joint Fundraising,,196524.29,17
ANEDOT,Fundraising Platform (R-leaning),ANEDOT,C00634790,UNKNOWN,UNK,Unknown,,196478.5,46
ANEDOT,Fundraising Platform (R-leaning),ANEDOT INC.,C00654707,JOSH HAWLEY FOR SENATE,REP,Senate,"HAWLEY, JOSH",195792.42,51
ANEDOT,Fundraising Platform (R-leaning),ANEDOT INC.,C00739920,ROSENDALE FOR MONTANA,REP,Senate,"ROSENDALE, MATT",190729.15,38
EVERYACTION,CRM / Fundraising Platform (D-aligned),EVERYACTION INC.,C00401224,BIDEN FOR PRESIDENT,DEM,Presidential,"BIDEN, JOSEPH R JR",190000.0,1
NGP VAN,CRM / Voter File / Fundraising (D-aligned),NGP VAN INC.,C00000935,DNC,DEM,National Party,,186040.72,4
NGP VAN,CRM / Voter File / Fundraising (D-aligned),NGP VAN INC.,C00000935,DNC,DEM,National Party,,183613.84,6
NGP VAN,CRM / Voter File / Fundraising (D-aligned),NGP VAN INC,C00696153,DEMOCRATIC GRASSROOTS ONLINE,DEM,Joint Fundraising,,176430.11,15
ANEDOT,Fundraising Platform (R-leaning),ANEDOT,C00738617,YVETTE HERRELL FOR CONGRESS,REP,House,"HERRELL, YVETTE",175803.6,63
ANEDOT,Fundraising Platform (R-leaning),ANEDOT INC.,C00717942,HERSCHEL WALKER / GA CANDIDATE,REP,Senate,,175044.43,60
NGP VAN,CRM / Voter File / Fundraising (D-aligned),NGP VAN INC.,C00703975,DNC SERVICES CORP./DEM. NAT'L COMMITTEE,DEM,National Party,,168693.82,9
ANEDOT,Fundraising Platform (R-leaning),ANEDOT INC.,C00634790,UNKNOWN,UNK,Unknown,,168649.04,35
NGP VAN,CRM / Voter File / Fundraising (D-aligned),NGP VAN INC,C00696153,DEMOCRATIC GRASSROOTS ONLINE,DEM,Joint Fundraising,,167889.19,12
ANEDOT,Fundraising Platform (R-leaning),ANEDOT,C00853283,NELLA DOMENICI FOR SENATE,REP,Senate,"DOMENICI, NELLA",166483.15,26
ANEDOT,Fundraising Platform (R-leaning),ANEDOT INC.,C00839233,DAVE MCCORMICK FOR SENATE,REP,Senate,"MCCORMICK, DAVE",165968.54,31
ANEDOT,Fundraising Platform (R-leaning),ANEDOT,C00747964,BRANDON GILL FOR CONGRESS,REP,House,"GILL, BRANDON",164541.96,26
ANEDOT,Fundraising Platform (R-leaning),ANEDOT INC.,C00850776,LARRY HOGAN FOR US SENATE,REP,Senate,"HOGAN, LARRY",163327.55,22
ANEDOT,Fundraising Platform (R-leaning),ANEDOT,C00836601,DENNY HOSKINS FOR CONGRESS,REP,House,"HOSKINS, DENNY",158483.68,33
NGP VAN,CRM / Voter File / Fundraising (D-aligned),NGP VAN INC.,C00000935,DNC,DEM,National Party,,155613.84,5
NGP VAN,CRM / Voter File / Fundraising (D-aligned),NGP VAN INC,C00696153,DEMOCRATIC GRASSROOTS ONLINE,DEM,Joint Fundraising,,155024.33,11
ANEDOT,Fundraising Platform (R-leaning),ANEDOT INC.,C00845875,SAM BROWN FOR NEVADA,REP,Senate,"BROWN, SAM",153668.98,10
ANEDOT,Fundraising Platform (R-leaning),ANEDOT INC.,C00738617,YVETTE HERRELL FOR CONGRESS,REP,House,"HERRELL, YVETTE",153527.22,41
ANEDOT,Fundraising Platform (R-leaning),ANEDOT,C00754739,MONICA DE LA CRUZ FOR CONGRESS,REP,House,"DE LA CRUZ, MONICA",142625.31,34
EVERYACTION,CRM / Fundraising Platform (D-aligned),EVERYACTION INC,C00696153,DEMOCRATIC GRASSROOTS ONLINE,DEM,Joint Fundraising,,140826.0,13
ANEDOT,Fundraising Platform (R-leaning),ANEDOT,C00713370,PAT FALLON FOR CONGRESS,REP,House,"FALLON, PAT",140814.41,80
NGP VAN,CRM / Voter File / Fundraising (D-aligned),NGP VAN INC.,C00000935,DNC,DEM,National Party,,138440.8,4
ANEDOT,Fundraising Platform (R-leaning),ANEDOT INC.,C00747964,BRANDON GILL FOR CONGRESS,REP,House,"GILL, BRANDON",138073.99,20
EVERYACTION,CRM / Fundraising Platform (D-aligned),EVERYACTION INC,C00696153,DEMOCRATIC GRASSROOTS ONLINE,DEM,Joint Fundraising,,136618.82,14
ANEDOT,Fundraising Platform (R-leaning),ANEDOT,C00763219,DEREK SCHMIDT FOR SENATE,REP,Senate,"SCHMIDT, DEREK",134671.11,32
NGP VAN,CRM / Voter File / Fundraising (D-aligned),NGP VAN INC,C00696153,DEMOCRATIC GRASSROOTS ONLINE,DEM,Joint Fundraising,,130076.21,11
ANEDOT,Fundraising Platform (R-leaning),ANEDOT INC.,C00853283,NELLA DOMENICI FOR SENATE,REP,Senate,"DOMENICI, NELLA",128299.62,17
ANEDOT,Fundraising Platform (R-leaning),ANEDOT INC.,C00836601,DENNY HOSKINS FOR CONGRESS,REP,House,"HOSKINS, DENNY",127416.74,20
NGP VAN,CRM / Voter File / Fundraising (D-aligned),NGP VAN INC.,C00000935,DNC,DEM,National Party,,125613.84,5
ANEDOT,Fundraising Platform (R-leaning),ANEDOT,C00612382,PETE STAUBER FOR CONGRESS,REP,House,"STAUBER, PETE",125455.36,46
EVERYACTION,CRM / Fundraising Platform (D-aligned),EVERYACTION INC.,C00736876,DSCC,DEM,Senatorial Committee,,124543.28,38
ANEDOT,Fundraising Platform (R-leaning),ANEDOT,C00750448,BARRY MOORE FOR CONGRESS,REP,House,"MOORE, BARRY",124413.15,89
ANEDOT,Fundraising Platform (R-leaning),ANEDOT INC.,C00713370,PAT FALLON FOR CONGRESS,REP,House,"FALLON, PAT",122652.17,61
ANEDOT,Fundraising Platform (R-leaning),ANEDOT,C00725655,TROY NEHLS FOR CONGRESS,REP,House,"NEHLS, TROY",120948.96,61
ANEDOT,Fundraising Platform (R-leaning),ANEDOT INC.,C00754739,MONICA DE LA CRUZ FOR CONGRESS,REP,House,"DE LA CRUZ, MONICA",120710.48,24
ANEDOT,Fundraising Platform (R-leaning),ANEDOT INC.,C00612382,PETE STAUBER FOR CONGRESS,REP,House,"STAUBER, PETE",119729.65,37
ANEDOT,Fundraising Platform (R-leaning),ANEDOT INC.,C00763219,DEREK SCHMIDT FOR SENATE,REP,Senate,"SCHMIDT, DEREK",119503.73,23
ANEDOT,Fundraising Platform (R-leaning),ANEDOT,C00758607,SCOTT FRANKLIN FOR CONGRESS,REP,House,"FRANKLIN, SCOTT",117849.38,50
NGP VAN,CRM / Voter File / Fundraising (D-aligned),NGP VAN,C00744946,HARRIS VICTORY FUND,DEM,Joint Fundraising,"HARRIS, KAMALA",117782.36,101
ANEDOT,Fundraising Platform (R-leaning),ANEDOT INC.,C00758607,SCOTT FRANKLIN FOR CONGRESS,REP,House,"FRANKLIN, SCOTT",116296.89,36
ANEDOT,Fundraising Platform (R-leaning),ANEDOT,C00835603,DERRICK ANDERSON FOR CONGRESS,REP,House,"ANDERSON, DERRICK",116197.95,18
ANEDOT,Fundraising Platform (R-leaning),ANEDOT INC.,C00725655,TROY NEHLS FOR CONGRESS,REP,House,"NEHLS, TROY",116009.32,51
ANEDOT,Fundraising Platform (R-leaning),ANEDOT,C00832022,LAUREL LEE FOR CONGRESS,REP,House,"LEE, LAUREL",116007.33,28
NGP VAN,CRM / Voter File / Fundraising (D-aligned),NGP VAN INC,C00696153,DEMOCRATIC GRASSROOTS ONLINE,DEM,Joint Fundraising,,115524.76,9
NGP VAN,CRM / Voter File / Fundraising (D-aligned),NGP VAN INC.,C00703975,DNC SERVICES CORP./DEM. NAT'L COMMITTEE,DEM,National Party,,110400.0,1
ANEDOT,Fundraising Platform (R-leaning),ANEDOT INC.,C00750448,BARRY MOORE FOR CONGRESS,REP,House,"MOORE, BARRY",110236.23,67
NGP VAN,CRM / Voter File / Fundraising (D-aligned),NGP VAN INC,C00696153,DEMOCRATIC GRASSROOTS ONLINE,DEM,Joint Fundraising,,106756.69,9
ANEDOT,Fundraising Platform (R-leaning),ANEDOT INC.,C00835603,DERRICK ANDERSON FOR CONGRESS,REP,House,"ANDERSON, DERRICK",105891.48,13
NGP VAN,CRM / Voter File / Fundraising (D-aligned),NGP VAN INC.,C00000935,DNC,DEM,National Party,,104440.8,4
ANEDOT,Fundraising Platform (R-leaning),ANEDOT INC.,C00832022,LAUREL LEE FOR CONGRESS,REP,House,"LEE, LAUREL",104403.36,24
ANEDOT,Fundraising Platform (R-leaning),ANEDOT,C00833004,CORY MILLS FOR CONGRESS,REP,House,"MILLS, CORY",102805.05,50
ANEDOT,Fundraising Platform (R-leaning),ANEDOT,C00731943,MARIA SALAZAR FOR CONGRESS,REP,House,"SALAZAR, MARIA",101519.74,19
NGP VAN,CRM / Voter File / Fundraising (D-aligned),NGP VAN INC.,C00000935,DNC,DEM,National Party,,101063.84,5
ANEDOT,Fundraising Platform (R-leaning),ANEDOT INC.,C00837518,VIVEK RAMASWAMY,REP,Presidential,"RAMASWAMY, VIVEK",101032.0,2
ANEDOT,Fundraising Platform (R-leaning),ANEDOT,C00723981,BYRON DONALDS FOR CONGRESS,REP,House,"DONALDS, BYRON",99839.36,114
NGP VAN,CRM / Voter File / Fundraising (D-aligned),NGP VAN INC,C00696153,DEMOCRATIC GRASSROOTS ONLINE,DEM,Joint Fundraising,,99803.63,8
ANEDOT,Fundraising Platform (R-leaning),ANEDOT,C00611483,MIKE WALTZ FOR CONGRESS,REP,House,"WALTZ, MIKE",99653.96,42
EVERYACTION,CRM / Fundraising Platform (D-aligned),EVERYACTION INC.,C00776997,DEMOCRATIC UNITY FUND,DEM,Joint Fundraising,,99624.54,20
NGP VAN,CRM / Voter File / Fundraising (D-aligned),NGP VAN INC,C00696153,DEMOCRATIC GRASSROOTS ONLINE,DEM,Joint Fundraising,,99375.47,7
NGP VAN,CRM / Voter File / Fundraising (D-aligned),NGP VAN INC.,C00703975,DNC SERVICES CORP./DEM. NAT'L COMMITTEE,DEM,National Party,,97175.0,1
REVV,Fundraising Platform (R-aligned),REVV,C00764522,NRSC (NATIONAL REPUBLICAN SENATORIAL COMMITTEE),REP,Senatorial Committee,,97006.17,28
ANEDOT,Fundraising Platform (R-leaning),ANEDOT,C00631267,GUS BILIRAKIS FOR CONGRESS,REP,House,"BILIRAKIS, GUS",96668.37,37
ANEDOT,Fundraising Platform (R-leaning),ANEDOT,C00715136,ANNA PAULINA LUNA FOR CONGRESS,REP,House,"LUNA, ANNA PAULINA",96268.61,35
ANEDOT,Fundraising Platform (R-leaning),ANEDOT INC.,C00833004,CORY MILLS FOR CONGRESS,REP,House,"MILLS, CORY",95729.28,40
NGP VAN,CRM / Voter File / Fundraising (D-aligned),NGP VAN INC.,C00000935,DNC,DEM,National Party,,95613.84,4
REVV,Fundraising Platform (R-aligned),REVV INC.,C00694323,TRUMP SAVE AMERICA JOINT FUNDRAISING COMMITTEE / TRUMP MAKE AMERICA GREAT AGAIN COMMITTEE,REP,Joint Fundraising,"TRUMP, DONALD J",95000.0,1
ANEDOT,Fundraising Platform (R-leaning),ANEDOT,C00834077,DESANTIS FOR PRESIDENT,REP,Presidential,"DESANTIS, RON",91946.05,44
ANEDOT,Fundraising Platform (R-leaning),ANEDOT INC.,C00636837,BILL HAGERTY FOR TENNESSEE,REP,Senate,"HAGERTY, BILL",91723.69,51
ANEDOT,Fundraising Platform (R-leaning),ANEDOT,C00698894,JOHN JAMES FOR SENATE,REP,Senate,"JAMES, JOHN",90354.79,27
ANEDOT,Fundraising Platform (R-leaning),ANEDOT,C00711929,WESLEY HUNT FOR CONGRESS,REP,House,"HUNT, WESLEY",89163.54,305
NGP VAN,CRM / Voter File / Fundraising (D-aligned),NGP VAN INC.,C00703975,DNC SERVICES CORP./DEM. NAT'L COMMITTEE,DEM,National Party,,89055.0,1
ANEDOT,Fundraising Platform (R-leaning),ANEDOT,C00696484,RONNY JACKSON FOR CONGRESS,REP,House,"JACKSON, RONNY",88994.15,261
ANEDOT,Fundraising Platform (R-leaning),ANEDOT,C00544767,ROGER WILLIAMS FOR CONGRESS,REP,House,"WILLIAMS, ROGER",88908.52,83
NGP VAN,CRM / Voter File / Fundraising (D-aligned),NGP VAN INC,C00696153,DEMOCRATIC GRASSROOTS ONLINE,DEM,Joint Fundraising,,88574.66,8
ANEDOT,Fundraising Platform (R-leaning),ANEDOT,C00542423,FRIENDS OF BRIAN MAST,REP,House,"MAST, BRIAN",88536.5,308
ANEDOT,Fundraising Platform (R-leaning),ANEDOT,C00542423,FRIENDS OF BRIAN MAST,REP,House,"MAST, BRIAN",86698.38,365
ANEDOT,Fundraising Platform (R-leaning),ANEDOT,C00651075,VAN ORDER FOR CONGRESS,REP,House,"VAN ORDER, DERRICK",86600.28,158
ANEDOT,Fundraising Platform (R-leaning),ANEDOT,C00711689,MARK GREEN FOR CONGRESS,REP,House,"GREEN, MARK",85614.05,85
NGP VAN,CRM / Voter File / Fundraising (D-aligned),NGP VAN INC,C00696153,DEMOCRATIC GRASSROOTS ONLINE,DEM,Joint Fundraising,,84752.55,7
ANEDOT,Fundraising Platform (R-leaning),ANEDOT INC.,C00701003,TONY GONZALES FOR CONGRESS,REP,House,"GONZALES, TONY",84592.54,150
ANEDOT,Fundraising Platform (R-leaning),ANEDOT,C00728238,KEITH SELF FOR CONGRESS,REP,House,"SELF, KEITH",84234.08,132
ANEDOT,Fundraising Platform (R-leaning),ANEDOT,C00736983,JUAN CISCOMANI FOR CONGRESS,REP,House,"CISCOMANI, JUAN",83755.29,126
EVERYACTION,CRM / Fundraising Platform (D-aligned),EVERYACTION INC,C00696153,DEMOCRATIC GRASSROOTS ONLINE,DEM,Joint Fundraising,,83445.0,10
EVERYACTION,CRM / Fundraising Platform (D-aligned),EVERYACTION INC.,C00736876,DSCC,DEM,Senatorial Committee,,83428.36,14
ANEDOT,Fundraising Platform (R-leaning),ANEDOT,C00708289,MIKE LAWLER FOR CONGRESS,REP,House,"LAWLER, MIKE",83076.49,195
ANEDOT,Fundraising Platform (R-leaning),ANEDOT,C00837518,VIVEK RAMASWAMY,REP,Presidential,"RAMASWAMY, VIVEK",83035.0,8
ANEDOT,Fundraising Platform (R-leaning),ANEDOT,C00655522,ASHLEY HINSON FOR IOWA,REP,House,"HINSON, ASHLEY",82753.09,82
ANEDOT,Fundraising Platform (R-leaning),ANEDOT,C00716571,DALE STRONG FOR CONGRESS,REP,House,"STRONG, DALE",82545.58,235
ANEDOT,Fundraising Platform (R-leaning),ANEDOT LLC,C00224691,JOHN KENNEDY FOR US SENATE,REP,Senate,"KENNEDY, JOHN",82290.36,63
NGP VAN,CRM / Voter File / Fundraising (D-aligned),NGP VAN INC.,C00703975,DNC SERVICES CORP./DEM. NAT'L COMMITTEE,DEM,National Party,,82200.0,1
NGP VAN,CRM / Voter File / Fundraising (D-aligned),NGP VAN INC,C00696153,DEMOCRATIC GRASSROOTS ONLINE,DEM,Joint Fundraising,,81361.87,7
ANEDOT,Fundraising Platform (R-leaning),ANEDOT,C00721332,NIKKI HALEY FOR PRESIDENT,REP,Presidential,"HALEY, NIKKI",80097.62,24
REVV,Fundraising Platform (R-aligned),REVV,C00764522,NRSC (NATIONAL REPUBLICAN SENATORIAL COMMITTEE),REP,Senatorial Committee,,79613.47,34
ANEDOT,Fundraising Platform (R-leaning),ANEDOT,C00608489,STEVE SCALISE FOR CONGRESS,REP,House,"SCALISE, STEVE",79030.86,64
ANEDOT,Fundraising Platform (R-leaning),ANEDOT,C00193342,ROGER WICKER FOR SENATE,REP,Senate,"WICKER, ROGER",78946.84,107
ANEDOT,Fundraising Platform (R-leaning),ANEDOT,C00845826,ZACH NUNN FOR CONGRESS,REP,House,"NUNN, ZACH",78184.82,426
ANEDOT,Fundraising Platform (R-leaning),ANEDOT,C00506105,LOUIE GOHMERT / TX REP,REP,House,,76431.44,169
NGP VAN,CRM / Voter File / Fundraising (D-aligned),NGP VAN INC.,C00401224,BIDEN FOR PRESIDENT,DEM,Presidential,"BIDEN, JOSEPH R JR",75000.0,1
NGP VAN,CRM / Voter File / Fundraising (D-aligned),NGP VAN INC,C00696153,DEMOCRATIC GRASSROOTS ONLINE,DEM,Joint Fundraising,,73802.1,8
NGP VAN,CRM / Voter File / Fundraising (D-aligned),NGP VAN INC.,C00703975,DNC SERVICES CORP./DEM. NAT'L COMMITTEE,DEM,National Party,,72000.0,1
NGP VAN,CRM / Voter File / Fundraising (D-aligned),NGP VAN INC.,C00000935,DNC,DEM,National Party,,71813.84,5
EVERYACTION,CRM / Fundraising Platform (D-aligned),EVERYACTION INC.,C00776997,DEMOCRATIC UNITY FUND,DEM,Joint Fundraising,,71445.0,10
EVERYACTION,CRM / Fundraising Platform (D-aligned),EVERYACTION INC.,C00776997,DEMOCRATIC UNITY FUND,DEM,Joint Fundraising,,70539.8,20
NGP VAN,CRM / Voter File / Fundraising (D-aligned),NGP VAN INC,C00696153,DEMOCRATIC GRASSROOTS ONLINE,DEM,Joint Fundraising,,69133.05,6
NGP VAN,CRM / Voter File / Fundraising (D-aligned),NGP VAN INC,C00696153,DEMOCRATIC GRASSROOTS ONLINE,DEM,Joint Fundraising,,68671.42,5
EVERYACTION,CRM / Fundraising Platform (D-aligned),EVERYACTION INC.,C00736876,DSCC,DEM,Senatorial Committee,,68245.0,7
NGP VAN,CRM / Voter File / Fundraising (D-aligned),NGP VAN INC,C00744946,HARRIS VICTORY FUND,DEM,Joint Fundraising,"HARRIS, KAMALA",67400.95,17
NGP VAN,CRM / Voter File / Fundraising (D-aligned),NGP VAN INC.,C00000935,DNC,DEM,National Party,,65613.84,4
NGP VAN,CRM / Voter File / Fundraising (D-aligned),NGP VAN INC,C00696153,DEMOCRATIC GRASSROOTS ONLINE,DEM,Joint Fundraising,,63610.69,5
NGP VAN,CRM / Voter File / Fundraising (D-aligned),NGP VAN INC,C00696153,DEMOCRATIC GRASSROOTS ONLINE,DEM,Joint Fundraising,,62499.08,6
NGP VAN,CRM / Voter File / Fundraising (D-aligned),NGP VAN INC.,C00000935,DNC,DEM,National Party,,60813.84,3
NGP VAN,CRM / Voter File / Fundraising (D-aligned),NGP VAN INC.,C00703975,DNC SERVICES CORP./DEM. NAT'L COMMITTEE,DEM,National Party,,60540.0,1
EVERYACTION,CRM / Fundraising Platform (D-aligned),EVERYACTION INC.,C00776997,DEMOCRATIC UNITY FUND,DEM,Joint Fundraising,,58945.0,10
NGP VAN,CRM / Voter File / Fundraising (D-aligned),NGP VAN INC,C00696153,DEMOCRATIC GRASSROOTS ONLINE,DEM,Joint Fundraising,,58903.29,4
NGP VAN,CRM / Voter File / Fundraising (D-aligned),NGP VAN INC,C00696153,DEMOCRATIC GRASSROOTS ONLINE,DEM,Joint Fundraising,,56553.58,4
EVERYACTION,CRM / Fundraising Platform (D-aligned),EVERYACTION INC.,C00776997,DEMOCRATIC UNITY FUND,DEM,Joint Fundraising,,55390.92,12
NGP VAN,CRM / Voter File / Fundraising (D-aligned),NGP VAN INC,C00696153,DEMOCRATIC GRASSROOTS ONLINE,DEM,Joint Fundraising,,53891.59,4
EVERYACTION,CRM / Fundraising Platform (D-aligned),EVERYACTION INC.,C00776997,DEMOCRATIC UNITY FUND,DEM,Joint Fundraising,,53245.0,6
NGP VAN,CRM / Voter File / Fundraising (D-aligned),NGP VAN INC,C00696153,DEMOCRATIC GRASSROOTS ONLINE,DEM,Joint Fundraising,,52649.24,4
EVERYACTION,CRM / Fundraising Platform (D-aligned),EVERYACTION,C00744946,HARRIS VICTORY FUND,DEM,Joint Fundraising,"HARRIS, KAMALA",52032.6,65
NGP VAN,CRM / Voter File / Fundraising (D-aligned),NGP VAN INC.,C00000935,DNC,DEM,National Party,,51363.84,3
EVERYACTION,CRM / Fundraising Platform (D-aligned),EVERYACTION INC.,C00776997,DEMOCRATIC UNITY FUND,DEM,Joint Fundraising,,51245.0,6
NGP VAN,CRM / Voter File / Fundraising (D-aligned),NGP VAN INC,C00696153,DEMOCRATIC GRASSROOTS ONLINE,DEM,Joint Fundraising,,50803.14,4
NGP VAN,CRM / Voter File / Fundraising (D-aligned),NGP VAN INC,C00696153,DEMOCRATIC GRASSROOTS ONLINE,DEM,Joint Fundraising,,50375.91,3
NGP VAN,CRM / Voter File / Fundraising (D-aligned),NGP VAN INC.,C00000935,DNC,DEM,National Party,,50113.84,3
NGP VAN,CRM / Voter File / Fundraising (D-aligned),NGP VAN INC,C00696153,DEMOCRATIC GRASSROOTS ONLINE,DEM,Joint Fundraising,,47938.02,4
EVERYACTION,CRM / Fundraising Platform (D-aligned),EVERYACTION INC.,C00736876,DSCC,DEM,Senatorial Committee,,47845.0,6
NGP VAN,CRM / Voter File / Fundraising (D-aligned),NGP VAN INC.,C00703975,DNC SERVICES CORP./DEM. NAT'L COMMITTEE,DEM,National Party,,47550.0,1
NGP VAN,CRM / Voter File / Fundraising (D-aligned),NGP VAN INC.,C00000935,DNC,DEM,National Party,,46363.84,3
NGP VAN,CRM / Voter File / Fundraising (D-aligned),NGP VAN INC,C00696153,DEMOCRATIC GRASSROOTS ONLINE,DEM,Joint Fundraising,,45940.4,3
EVERYACTION,CRM / Fundraising Platform (D-aligned),EVERYACTION INC.,C00776997,DEMOCRATIC UNITY FUND,DEM,Joint Fundraising,,45445.0,6
NGP VAN,CRM / Voter File / Fundraising (D-aligned),NGP VAN INC,C00696153,DEMOCRATIC GRASSROOTS ONLINE,DEM,Joint Fundraising,,44936.38,3
NGP VAN,CRM / Voter File / Fundraising (D-aligned),NGP VAN INC,C00744946,HARRIS VICTORY FUND,DEM,Joint Fundraising,"HARRIS, KAMALA",43862.62,14
NGP VAN,CRM / Voter File / Fundraising (D-aligned),NGP VAN INC,C00696153,DEMOCRATIC GRASSROOTS ONLINE,DEM,Joint Fundraising,,42959.43,4
NGP VAN,CRM / Voter File / Fundraising (D-aligned),NGP VAN INC,C00696153,DEMOCRATIC GRASSROOTS ONLINE,DEM,Joint Fundraising,,42437.13,4
NGP VAN,CRM / Voter File / Fundraising (D-aligned),NGP VAN INC.,C00401224,BIDEN FOR PRESIDENT,DEM,Presidential,"BIDEN, JOSEPH R JR",42000.0,1
NGP VAN,CRM / Voter File / Fundraising (D-aligned),NGP VAN INC.,C00703975,DNC SERVICES CORP./DEM. NAT'L COMMITTEE,DEM,National Party,,41475.0,1
REVV,Fundraising Platform (R-aligned),REVV,C00764522,NRSC (NATIONAL REPUBLICAN SENATORIAL COMMITTEE),REP,Senatorial Committee,,41285.05,15
EVERYACTION,CRM / Fundraising Platform (D-aligned),EVERYACTION INC.,C00736876,DSCC,DEM,Senatorial Committee,,41178.64,11
NGP VAN,CRM / Voter File / Fundraising (D-aligned),NGP VAN INC,C00696153,DEMOCRATIC GRASSROOTS ONLINE,DEM,Joint Fundraising,,40893.32,3
NGP VAN,CRM / Voter File / Fundraising (D-aligned),NGP VAN INC,C00696153,DEMOCRATIC GRASSROOTS ONLINE,DEM,Joint Fundraising,,40476.03,3
EVERYACTION,CRM / Fundraising Platform (D-aligned),EVERYACTION INC.,C00776997,DEMOCRATIC UNITY FUND,DEM,Joint Fundraising,,32490.0,5
EVERYACTION,CRM / Fundraising Platform (D-aligned),EVERYACTION INC.,C00696153,DEMOCRATIC GRASSROOTS ONLINE,DEM,Joint Fundraising,,31320.0,6
EVERYACTION,CRM / Fundraising Platform (D-aligned),EVERYACTION INC.,C00736876,DSCC,DEM,Senatorial Committee,,30178.4,10
EVERYACTION,CRM / Fundraising Platform (D-aligned),EVERYACTION INC.,C00776997,DEMOCRATIC UNITY FUND,DEM,Joint Fundraising,,30045.0,4
REVV,Fundraising Platform (R-aligned),REVV INC.,C00764522,NRSC (NATIONAL REPUBLICAN SENATORIAL COMMITTEE),REP,Senatorial Committee,,29959.95,1
EVERYACTION,CRM / Fundraising Platform (D-aligned),EVERYACTION INC,C00696153,DEMOCRATIC GRASSROOTS ONLINE,DEM,Joint Fundraising,,28900.0,5
EVERYACTION,CRM / Fundraising Platform (D-aligned),EVERYACTION INC,C00696153,DEMOCRATIC GRASSROOTS ONLINE,DEM,Joint Fundraising,,27650.0,6
EVERYACTION,CRM / Fundraising Platform (D-aligned),EVERYACTION INC.,C00776997,DEMOCRATIC UNITY FUND,DEM,Joint Fundraising,,27245.0,4
EVERYACTION,CRM / Fundraising Platform (D-aligned),EVERYACTION INC.,C00736876,DSCC,DEM,Senatorial Committee,,26745.0,3
EVERYACTION,CRM / Fundraising Platform (D-aligned),EVERYACTION INC.,C00776997,DEMOCRATIC UNITY FUND,DEM,Joint Fundraising,,26245.0,4
REVV,Fundraising Platform (R-aligned),REVV,C00820118,SAVE AMERICA,REP,Leadership PAC,"TRUMP, DONALD J",23449.8,3
EVERYACTION,CRM / Fundraising Platform (D-aligned),EVERYACTION INC,C00696153,DEMOCRATIC GRASSROOTS ONLINE,DEM,Joint Fundraising,,22810.0,7
REVV,Fundraising Platform (R-aligned),REVV,C00764522,NRSC (NATIONAL REPUBLICAN SENATORIAL COMMITTEE),REP,Senatorial Committee,,22449.39,4
EVERYACTION,CRM / Fundraising Platform (D-aligned),EVERYACTION,C00704049,ACTBLUE (committee),DEM,PAC,,21879.12,14
EVERYACTION,CRM / Fundraising Platform (D-aligned),EVERYACTION INC.,C00736876,DSCC,DEM,Senatorial Committee,,21345.0,3
EVERYACTION,CRM / Fundraising Platform (D-aligned),EVERYACTION INC.,C00718866,BIDEN VICTORY FUND,DEM,Joint Fundraising,"BIDEN, JOSEPH R JR",20937.48,4
EVERYACTION,CRM / Fundraising Platform (D-aligned),EVERYACTION INC,C00696153,DEMOCRATIC GRASSROOTS ONLINE,DEM,Joint Fundraising,,20200.0,3
EVERYACTION,CRM / Fundraising Platform (D-aligned),EVERYACTION INC.,C00718866,BIDEN VICTORY FUND,DEM,Joint Fundraising,"BIDEN, JOSEPH R JR",20048.4,5
EVERYACTION,CRM / Fundraising Platform (D-aligned),EVERYACTION INC.,C00776997,DEMOCRATIC UNITY FUND,DEM,Joint Fundraising,,20045.0,4
EVERYACTION,CRM / Fundraising Platform (D-aligned),EVERYACTION INC.,C00736876,DSCC,DEM,Senatorial Committee,,19913.01,6
EVERYACTION,CRM / Fundraising Platform (D-aligned),EVERYACTION INC.,C00718866,BIDEN VICTORY FUND,DEM,Joint Fundraising,"BIDEN, JOSEPH R JR",19744.76,4
EVERYACTION,CRM / Fundraising Platform (D-aligned),EVERYACTION INC.,C00736876,DSCC,DEM,Senatorial Committee,,19045.0,3
EVERYACTION,CRM / Fundraising Platform (D-aligned),EVERYACTION INC.,C00736876,DSCC,DEM,Senatorial Committee,,18445.0,3
EVERYACTION,CRM / Fundraising Platform (D-aligned),EVERYACTION,C00704049,ACTBLUE (committee),DEM,PAC,,18367.47,11
EVERYACTION,CRM / Fundraising Platform (D-aligned),EVERYACTION INC.,C00776997,DEMOCRATIC UNITY FUND,DEM,Joint Fundraising,,18045.0,3
EVERYACTION,CRM / Fundraising Platform (D-aligned),EVERYACTION INC.,C00776997,DEMOCRATIC UNITY FUND,DEM,Joint Fundraising,,17045.0,3
EVERYACTION,CRM / Fundraising Platform (D-aligned),EVERYACTION INC.,C00718866,BIDEN VICTORY FUND,DEM,Joint Fundraising,"BIDEN, JOSEPH R JR",16830.24,4
EVERYACTION,CRM / Fundraising Platform (D-aligned),EVERYACTION INC.,C00736876,DSCC,DEM,Senatorial Committee,,16645.0,3
EVERYACTION,CRM / Fundraising Platform (D-aligned),EVERYACTION INC.,C00000935,DNC,DEM,National Party,,16578.0,2
EVERYACTION,CRM / Fundraising Platform (D-aligned),EVERYACTION INC.,C00736876,DSCC,DEM,Senatorial Committee,,16445.0,3
EVERYACTION,CRM / Fundraising Platform (D-aligned),EVERYACTION INC.,C00000935,DNC,DEM,National Party,,15910.0,2
EVERYACTION,CRM / Fundraising Platform (D-aligned),EVERYACTION INC.,C00718866,BIDEN VICTORY FUND,DEM,Joint Fundraising,"BIDEN, JOSEPH R JR",15792.36,3
EVERYACTION,CRM / Fundraising Platform (D-aligned),EVERYACTION INC.,C00718866,BIDEN VICTORY FUND,DEM,Joint Fundraising,"BIDEN, JOSEPH R JR",15785.64,4
REVV,Fundraising Platform (R-aligned),REVV INC.,C00764522,NRSC (NATIONAL REPUBLICAN SENATORIAL COMMITTEE),REP,Senatorial Committee,,15599.95,1
EVERYACTION,CRM / Fundraising Platform (D-aligned),EVERYACTION INC.,C00776997,DEMOCRATIC UNITY FUND,DEM,Joint Fundraising,,15445.0,2
EVERYACTION,CRM / Fundraising Platform (D-aligned),EVERYACTION INC.,C00718866,BIDEN VICTORY FUND,DEM,Joint Fundraising,"BIDEN, JOSEPH R JR",14750.4,3
EVERYACTION,CRM / Fundraising Platform (D-aligned),EVERYACTION INC.,C00776997,DEMOCRATIC UNITY FUND,DEM,Joint Fundraising,,14445.0,2
EVERYACTION,CRM / Fundraising Platform (D-aligned),EVERYACTION INC.,C00736876,DSCC,DEM,Senatorial Committee,,14245.0,3
EVERYACTION,CRM / Fundraising Platform (D-aligned),EVERYACTION INC.,C00835199,HARRIS ACTION FUND,DEM,Joint Fundraising,"HARRIS, KAMALA",14178.0,2
EVERYACTION,CRM / Fundraising Platform (D-aligned),EVERYACTION INC.,C00718866,BIDEN VICTORY FUND,DEM,Joint Fundraising,"BIDEN, JOSEPH R JR",14076.0,4
EVERYACTION,CRM / Fundraising Platform (D-aligned),EVERYACTION INC.,C00736876,DSCC,DEM,Senatorial Committee,,13845.0,2
EVERYACTION,CRM / Fundraising Platform (D-aligned),EVERYACTION INC.,C00736876,DSCC,DEM,Senatorial Committee,,13245.0,2
EVERYACTION,CRM / Fundraising Platform (D-aligned),EVERYACTION INC.,C00776997,DEMOCRATIC UNITY FUND,DEM,Joint Fundraising,,13045.0,2
REVV,Fundraising Platform (R-aligned),REVV INC.,C00764522,NRSC (NATIONAL REPUBLICAN SENATORIAL COMMITTEE),REP,Senatorial Committee,,13000.0,1
EVERYACTION,CRM / Fundraising Platform (D-aligned),EVERYACTION INC.,C00835199,HARRIS ACTION FUND,DEM,Joint Fundraising,"HARRIS, KAMALA",12798.0,2
EVERYACTION,CRM / Fundraising Platform (D-aligned),EVERYACTION INC.,C00718866,BIDEN VICTORY FUND,DEM,Joint Fundraising,"BIDEN, JOSEPH R JR",12789.6,3
EVERYACTION,CRM / Fundraising Platform (D-aligned),EVERYACTION INC.,C00718866,BIDEN VICTORY FUND,DEM,Joint Fundraising,"BIDEN, JOSEPH R JR",12669.12,3
EVERYACTION,CRM / Fundraising Platform (D-aligned),EVERYACTION INC.,C00718866,BIDEN VICTORY FUND,DEM,Joint Fundraising,"BIDEN, JOSEPH R JR",12614.88,3
EVERYACTION,CRM / Fundraising Platform (D-aligned),EVERYACTION INC.,C00718866,BIDEN VICTORY FUND,DEM,Joint Fundraising,"BIDEN, JOSEPH R JR",12534.0,3
EVERYACTION,CRM / Fundraising Platform (D-aligned),EVERYACTION INC.,C00776997,DEMOCRATIC UNITY FUND,DEM,Joint Fundraising,,12445.0,2
EVERYACTION,CRM / Fundraising Platform (D-aligned),EVERYACTION INC.,C00776997,DEMOCRATIC UNITY FUND,DEM,Joint Fundraising,,12045.0,2
EVERYACTION,CRM / Fundraising Platform (D-aligned),EVERYACTION INC.,C00718866,BIDEN VICTORY FUND,DEM,Joint Fundraising,"BIDEN, JOSEPH R JR",11917.44,3
EVERYACTION,CRM / Fundraising Platform (D-aligned),EVERYACTION INC.,C00718866,BIDEN VICTORY FUND,DEM,Joint Fundraising,"BIDEN, JOSEPH R JR",11649.12,3
EVERYACTION,CRM / Fundraising Platform (D-aligned),EVERYACTION INC.,C00718866,BIDEN VICTORY FUND,DEM,Joint Fundraising,"BIDEN, JOSEPH R JR",11587.08,3
EVERYACTION,CRM / Fundraising Platform (D-aligned),EVERYACTION INC.,C00776997,DEMOCRATIC UNITY FUND,DEM,Joint Fundraising,,11445.0,2
EVERYACTION,CRM / Fundraising Platform (D-aligned),EVERYACTION INC.,C00718866,BIDEN VICTORY FUND,DEM,Joint Fundraising,"BIDEN, JOSEPH R JR",11406.0,3
EVERYACTION,CRM / Fundraising Platform (D-aligned),EVERYACTION INC.,C00776997,DEMOCRATIC UNITY FUND,DEM,Joint Fundraising,,11045.0,2
EVERYACTION,CRM / Fundraising Platform (D-aligned),EVERYACTION INC.,C00835199,HARRIS ACTION FUND,DEM,Joint Fundraising,"HARRIS, KAMALA",10938.0,2
EVERYACTION,CRM / Fundraising Platform (D-aligned),EVERYACTION INC.,C00736876,DSCC,DEM,Senatorial Committee,,10845.0,2
REVV,Fundraising Platform (R-aligned),REVV,C00764522,NRSC (NATIONAL REPUBLICAN SENATORIAL COMMITTEE),REP,Senatorial Committee,,9282.91,6
REVV,Fundraising Platform (R-aligned),REVV INC.,C00820118,SAVE AMERICA,REP,Leadership PAC,"TRUMP, DONALD J",7800.0,1
REVV,Fundraising Platform (R-aligned),REVV INC.,C00764522,NRSC (NATIONAL REPUBLICAN SENATORIAL COMMITTEE),REP,Senatorial Committee,,5000.0,1
REVV,Fundraising Platform (R-aligned),REVV,C00761528,NRCC (NATIONAL REPUBLICAN CONGRESSIONAL COMMITTEE),REP,Congressional Committee,,4816.81,1
REVV,Fundraising Platform (R-aligned),REVV INC.,C00764522,NRSC (NATIONAL REPUBLICAN SENATORIAL COMMITTEE),REP,Senatorial Committee,,1398.38,1
REVV,Fundraising Platform (R-aligned),REVV INC.,C00764522,NRSC (NATIONAL REPUBLICAN SENATORIAL COMMITTEE),REP,Senatorial Committee,,1.96,69
